{
  "anonymousId": "cid",
  "properties.name": "cd",
  "event": "ea",
  "properties.category": "ec",
  "properties.label": "el",
  "properties.value": "ev",
  "properties.current_module_name": "cd1",
  "properties.questId": "cd2",
  "properties.questItemId": "cd3",
  "properties.game_name": "cd4",
  "properties.internetReachability": "cd5",
  "properties.game_id": "cd6",
  "properties.assets_Load_Time": "cm1",
  "properties.coin_balance": "cm2",
  "properties.total_load_time": "cm3",
  "properties.bet_amount": "cm4",
  "properties.bet_multiplier": "cm5",
  "properties.days_in_game": "cm6",
  "properties.gem_balance": "cm7",
  "properties.level": "cm8",
  "properties.win_amount": "cm9",
  "properties.no_of_spin": "cm10"
}
