{
  "anonymousId": "app_user_id",
  "destination_props.Fb.advertiser_tracking_enabled": "advertiser_tracking_enabled",
  "destination_props.Fb.application_tracking_enabled": "application_tracking_enabled",
  "context.device.advertiser_id": "advertiser_id",
  "context.app.namespace": "extinfo.1",
  "context.app.build": "extinfo.2",
  "context.app.version": "extinfo.3",
  "context.os.version": "extinfo.4",
  "context.device.model": "extinfo.5",
  "context.locale": "extinfo.6",
  "context.abv_timezone": "extinfo.7",
  "context.network.carrier": "extinfo.8",
  "context.screen.width": "extinfo.9",
  "context.screen.height": "extinfo.10",
  "context.screen.density": "extinfo.11",
  "context.cpu_cores": "extinfo.12",
  "context.ext_storage_size": "extinfo.13",
  "context.avl_storage_size": "extinfo.14",
  "context.traits.email": "ud[em]",
  "context.traits.firstName": "ud[fn]",
  "context.traits.lastName": "ud[ln]",
  "context.traits.phone": "ud[ph]",
  "context.traits.gender": "ud[ge]",
  "context.traits.birthDate": "ud[db]",
  "context.traits.city": "ud[ct]",
  "context.traits.state": "ud[st]",
  "context.traits.zip": "ud[zp]",
  "timestamp": "CUSTOM_EVENTS.0._logTime",
  "event": "CUSTOM_EVENTS.0._eventName"
}
