{
  "context.os.name": "os_name",
  "context.os.version": "os_version",
  "context.device.model": "device_model",
  "context.device.manufacturer": "device_manufacturer",
  "context.device.name": "device_brand",
  "context.device.id": "device_id",
  "context.network.carrier": "carrier",
  "context.app.name": "app_name",
  "context.app.version": "app_version",
  "context.platform": "platform",
  "context.locale": "language",
  "properties.category": "event_type",
  "properties.title": "event_properties.title",
  "properties.path": "event_properties.path",
  "properties.referrer": "event_properties.referrer",
  "properties.search": "event_properties.search",
  "properties.keywords": "event_properties.keywords",
  "session_id": "session_id"
}
