{
    "rl_properties.price":"af_price",
    "rl_properties.category":"af_content_type",
    "rl_properties.product_id":"af_content_id",
    "rl_properties.content":"af_content",
    "rl_properties.currency":"af_currency",
    "rl_properties.quantity":"af_quantity",
    "rl_properties.payment_info_available":"af_payment_info_available",
    "rl_properties.content_list":"af_content_list",
    "rl_properties.date_a":"af_date_a",
    "rl_properties.date_b":"af_date_b",
    "rl_properties.departing_departure_date":"af_departing_departure_date",
    "rl_properties.returning_departure_date":"af_returning_departure_date",
    "rl_properties.destination_a":"af_destination_a",
    "rl_properties.destination_b":"af_destination_b",
    "rl_properties.destination_list":"af_destination_list",
    "rl_properties.city":"af_city",
    "rl_properties.region":"af_region",
    "rl_properties.country":"af_country",
    "rl_properties.departing_arrival_date":"af_departing_arrival_date",
    "rl_properties.returning_arrival_date":"af_returning_arrival_date",
    "rl_properties.suggested_destinations":"af_suggested_destinations",
    "rl_properties.travel_start":"af_travel_start",
    "rl_properties.travel_end":"af_travel_end",
    "rl_properties.num_adults":"af_num_adults",
    "rl_properties.num_children":"af_num_children",
    "rl_properties.num_infants":"af_num_infants",
    "rl_properties.class":"af_class",
    "rl_properties.suggested_hotels":"af_suggested_hotels",
    "rl_properties.user_score":"af_user_score",
    "rl_properties.hotel_score":"af_hotel_score",
    "rl_properties.purchase_currency":"af_purchase_currency",
    "rl_properties.preferred_star_ratings":"af_preferred_star_ratings",
    "rl_properties.preferred_price_range":"af_preferred_price_range",
    "rl_properties.preferred_neighborhoods":"af_preferred_neighborhoods",
    "rl_properties.af_preferred_num_stops":"af_preferred_num_stops"
}