{
    "rl_message": {
      "channel": "Test Channel",
      "rl_context": {
        "app": {
          "build": "0",
          "name": "com.rudderlabs.android.library.test",
          "namespace": "com.rudderlabs.android.library.test",
          "version": "1.0.0"
        },
        "traits": {
          "rl_anonymous_id": "6250c1b1-e70c-4e1c-aa2a-48309370408f"
        },
        "library": {
          "name": "com.rudderlabs.android.library",
          "version": "1.0"
        },
        "os": {
          "name": "Android",
          "version": "9"
        },
        "screen": {
          "density": 1,
          "width": 470,
          "height": 320
        },
        "user_agent": "",
        "locale": "en-US",
        "device": {
          "id": "5ec5db96-6c4c-4d0b-bcf0-f49ba3dca930",
          "manufacturer": "unknown",
          "model": "robolectric",
          "name": "robolectric"
        },
        "network": {
          "carrier": ""
        }
      },
      "rl_type": "track",
      "message_id": "3b92da6a-67ab-4b52-ac92-2051f198678d",
      "timestamp": "2019-07-18 06:11:52+0000",
      "rl_anonymous_id": "5ec5db96-6c4c-4d0b-bcf0-f49ba3dca930",
      "rl_event": "purchase",
      "rl_properties": {
        "cart_id": "skdjsidjsdkdj29j",
        "products": [
          {
            "content_id": "507f1f77bcf86cd799439011",
            "price": 23,
            "quantity": 11
          },
          {
            "content_id": "507f1f77bcf86cd799439012",
            "price": 12,
            "quantity": 5
          },
          {
            "content_id": "507f1f77bcf86cd799439013",
            "price": 19,
            "quantity": 10
          }
        ],
        "share_via": "email",
        "share_message": "Hey, check out this item",
        "recipient": "friend@gmail.com"
      },
      "integrations": [
        "rudderlabs"
      ]
    }
  }