{"sent_at":"2019-07-16 10:11:59+0000","batch":[{"rl_message":{"channel":"Test Channel","rl_context":{"app":{"build":"0","name":"com.rudderlabs.android.library.test","namespace":"com.rudderlabs.android.library.test","version":"1.0.0"},"rl_traits":{"rl_anonymous_id":"6250c1b1-e70c-4e1c-aa2a-48309370408f"},"library":{"name":"com.rudderlabs.android.library","version":"1.0"},"os":{"name":"Android","version":"9"},"screen":{"density":1,"width":470,"height":320},"user_agent":"","locale":"en-US","device":{"id":"7af2920f-c48e-449a-9aa2-cde0aa022a94","manufacturer":"unknown","model":"robolectric","name":"robolectric"},"network":{"carrier":""}},"rl_type":"track","rl_message_id":"cdd27ec8-3763-4d28-8848-3c2a99c84738","timestamp":"2019-07-16 10:11:59+0000","rl_anonymous_id":"7af2920f-c48e-449a-9aa2-cde0aa022a94","event":"Checkout Step Viewed","rl_proerties":{"step":2.0,"shipping_method":"Fedex","payment_method":"Visa","checkout_id":"50314b8e9bcf000000000000","order_id":"50314b8e9bcf000000000000"},"integrations":["rudderlabs"]}}]}
