{"sent_at":"2019-07-16 10:16:06+0000","batch":[{"rl_message":{"channel":"Test Channel","rl_context":{"app":{"build":"0","name":"com.rudderlabs.android.library.test","namespace":"com.rudderlabs.android.library.test","version":"1.0.0"},"rl_traits":{"rl_anonymous_id":"6250c1b1-e70c-4e1c-aa2a-48309370408f"},"library":{"name":"com.rudderlabs.android.library","version":"1.0"},"os":{"name":"Android","version":"9"},"screen":{"density":1,"width":470,"height":320},"user_agent":"","locale":"en-US","device":{"id":"ecf44bb6-a5f1-4287-9dfa-e3128014a503","manufacturer":"unknown","model":"robolectric","name":"robolectric"},"network":{"carrier":""}},"rl_type":"track","rl_message_id":"d448ddf5-5a2f-49dc-8e27-8d6589d0f907","timestamp":"2019-07-16 10:16:06+0000","rl_anonymous_id":"ecf44bb6-a5f1-4287-9dfa-e3128014a503","rl_event":"Checkout Step Viewed","rl_properties":{"step":2.0,"shipping_method":"Fedex","payment_method":"Visa","checkout_id":"50314b8e9bcf000000000000","order_id":"50314b8e9bcf000000000000"},"integrations":["rudderlabs"]}}]}
