{
  "sent_at": "2019-07-24 09:36:07+0000",
  "batch": [
    {
      "rl_message": {
        "rl_channel": "Identification Channel",
        "rl_context": {
          "rl_app": {
            "rl_build": "0",
            "rl_name": "com.rudderlabs.android.library.test",
            "rl_namespace": "com.rudderlabs.android.library.test",
            "rl_version": "1.0.0"
          },
          "rl_traits": {
            "rl_address": {
              "rl_city": "New York",
              "rl_country": "USA",
              "rl_postalcode": "ZA22334",
              "rl_state": "New York",
              "rl_street": "Wall Street"
            },
            "rl_age": 25,
            "rl_birthday": "05-09-1997",
            "rl_company": {
              "rl_name": "Rudder Labs",
              "rl_id": "test--company--id",
              "rl_industry": "Software Engg"
            },
            "rl_createdat": "",
            "rl_description": "Rudder Labs Company",
            "rl_email": "example@gmail.com",
            "rl_firstname": "Example",
            "rl_gender": "Female",
            "rl_id": "8c3f46c6-2bab-4fa6-b59d-e8d3c8b4045f",
            "rl_lastname": "Traits",
            "rl_name": "Example Traits",
            "rl_phone": "9876543212",
            "rl_title": "Mrs",
            "rl_username": "example_traits"
          },
          "rl_library": {
            "rl_name": "com.rudderlabs.android.library",
            "rl_version": "1.0"
          },
          "rl_os": {
            "rl_name": "Android",
            "rl_version": "9"
          },
          "rl_screen": {
            "rl_density": 1,
            "rl_width": 470,
            "rl_height": 320
          },
          "rl_user_agent": "",
          "rl_locale": "en-US",
          "rl_device": {
            "rl_id": "dbec79c5-ec21-4d27-a50b-33e5b3a05871",
            "rl_manufacturer": "unknown",
            "rl_model": "robolectric",
            "rl_name": "robolectric"
          },
          "rl_network": {
            "rl_carrier": ""
          }
        },
        "rl_type": "identify",
        "rl_message_id": "12173959-21c9-4f1c-bc76-b60134b741ec",
        "rl_timestamp": "2019-07-24 09:36:07+0000",
        "rl_anonymous_id": "dbec79c5-ec21-4d27-a50b-33e5b3a05871",
        "rl_user_id": "8c3f46c6-2bab-4fa6-b59d-e8d3c8b4045f",
        "rl_event": "Identify",
        "rl_integrations": [
          "rudderlabs"
        ]
      }
    },
    {
      "rl_message": {
        "rl_channel": "Test Channel",
        "rl_context": {
          "rl_app": {
            "rl_build": "0",
            "rl_name": "com.rudderlabs.android.library.test",
            "rl_namespace": "com.rudderlabs.android.library.test",
            "rl_version": "1.0.0"
          },
          "rl_library": {
            "rl_name": "com.rudderlabs.android.library",
            "rl_version": "1.0"
          },
          "rl_os": {
            "rl_name": "Android",
            "rl_version": "9"
          },
          "rl_screen": {
            "rl_density": 1,
            "rl_width": 470,
            "rl_height": 320
          },
          "rl_user_agent": "",
          "rl_locale": "en-US",
          "rl_device": {
            "rl_id": "dbec79c5-ec21-4d27-a50b-33e5b3a05871",
            "rl_manufacturer": "unknown",
            "rl_model": "robolectric",
            "rl_name": "robolectric"
          },
          "rl_network": {
            "rl_carrier": ""
          }
        },
        "rl_type": "track",
        "rl_message_id": "2f0886dd-da6f-4632-96f0-99959296ce13",
        "rl_timestamp": "2019-07-24 09:36:07+0000",
        "rl_anonymous_id": "dbec79c5-ec21-4d27-a50b-33e5b3a05871",
        "rl_event": "Test Track",
        "rl_properties": {
          "category": "Test Category",
          "label": "Test Label",
          "value": "Test Value"
        },
        "rl_integrations": [
          "rudderlabs"
        ]
      }
    },
    {
      "rl_message": {
        "rl_channel": "Test Channel",
        "rl_context": {
          "rl_app": {
            "rl_build": "0",
            "rl_name": "com.rudderlabs.android.library.test",
            "rl_namespace": "com.rudderlabs.android.library.test",
            "rl_version": "1.0.0"
          },
          "rl_library": {
            "rl_name": "com.rudderlabs.android.library",
            "rl_version": "1.0"
          },
          "rl_os": {
            "rl_name": "Android",
            "rl_version": "9"
          },
          "rl_screen": {
            "rl_density": 1,
            "rl_width": 470,
            "rl_height": 320
          },
          "rl_user_agent": "",
          "rl_locale": "en-US",
          "rl_device": {
            "rl_id": "dbec79c5-ec21-4d27-a50b-33e5b3a05871",
            "rl_manufacturer": "unknown",
            "rl_model": "robolectric",
            "rl_name": "robolectric"
          },
          "rl_network": {
            "rl_carrier": ""
          }
        },
        "rl_type": "page",
        "rl_message_id": "c288b439-4ec4-4c0d-833b-d74a6c3e2f9a",
        "rl_timestamp": "2019-07-24 09:36:07+0000",
        "rl_anonymous_id": "dbec79c5-ec21-4d27-a50b-33e5b3a05871",
        "rl_properties": {
          "title": "Test Title",
          "url": "http://jsonviewer.stack.hu",
          "path": "http://jsonviewer.stack.hu",
          "referrer": "Test Event",
          "search": "Test",
          "keywords": "Test"
        },
        "rl_integrations": [
          "rudderlabs"
        ]
      }
    },
    {
      "rl_message": {
        "rl_channel": "Test Channel",
        "rl_context": {
          "rl_app": {
            "rl_build": "0",
            "rl_name": "com.rudderlabs.android.library.test",
            "rl_namespace": "com.rudderlabs.android.library.test",
            "rl_version": "1.0.0"
          },
          "rl_library": {
            "rl_name": "com.rudderlabs.android.library",
            "rl_version": "1.0"
          },
          "rl_os": {
            "rl_name": "Android",
            "rl_version": "9"
          },
          "rl_screen": {
            "rl_density": 1,
            "rl_width": 470,
            "rl_height": 320
          },
          "rl_user_agent": "",
          "rl_locale": "en-US",
          "rl_device": {
            "rl_id": "dbec79c5-ec21-4d27-a50b-33e5b3a05871",
            "rl_manufacturer": "unknown",
            "rl_model": "robolectric",
            "rl_name": "robolectric"
          },
          "rl_network": {
            "rl_carrier": ""
          }
        },
        "rl_type": "screen",
        "rl_message_id": "9f01792d-268f-4579-a485-8e0759c2ac44",
        "rl_timestamp": "2019-07-24 09:36:07+0000",
        "rl_anonymous_id": "dbec79c5-ec21-4d27-a50b-33e5b3a05871",
        "rl_properties": {
          "name": "Test Screen"
        },
        "rl_integrations": [
          "rudderlabs"
        ]
      }
    },
    {
      "rl_message": {
        "rl_channel": "Test Channel",
        "rl_context": {
          "rl_app": {
            "rl_build": "0",
            "rl_name": "com.rudderlabs.android.library.test",
            "rl_namespace": "com.rudderlabs.android.library.test",
            "rl_version": "1.0.0"
          },
          "rl_library": {
            "rl_name": "com.rudderlabs.android.library",
            "rl_version": "1.0"
          },
          "rl_os": {
            "rl_name": "Android",
            "rl_version": "9"
          },
          "rl_screen": {
            "rl_density": 1,
            "rl_width": 470,
            "rl_height": 320
          },
          "rl_user_agent": "",
          "rl_locale": "en-US",
          "rl_device": {
            "rl_id": "dbec79c5-ec21-4d27-a50b-33e5b3a05871",
            "rl_manufacturer": "unknown",
            "rl_model": "robolectric",
            "rl_name": "robolectric"
          },
          "rl_network": {
            "rl_carrier": ""
          }
        },
        "rl_type": "track",
        "rl_message_id": "e9807f63-8be1-4b53-a1a8-e4b6dd2e5cf8",
        "rl_timestamp": "2019-07-24 09:36:07+0000",
        "rl_anonymous_id": "dbec79c5-ec21-4d27-a50b-33e5b3a05871",
        "rl_event": "Products Searched",
        "rl_properties": {
          "query": "blue hotpants"
        },
        "rl_integrations": [
          "rudderlabs"
        ]
      }
    }
  ]
}