[{"rl_message":{"channel":"Test Channel","rl_context":{"app":{"build":"0","name":"com.rudderlabs.android.library.test","namespace":"com.rudderlabs.android.library.test","version":"1.0.0"},"rl_traits":{"rl_anonymous_id":"6250c1b1-e70c-4e1c-aa2a-48309370408f"},"library":{"name":"com.rudderlabs.android.library","version":"1.0"},"os":{"name":"Android","version":"9"},"screen":{"density":1,"width":470,"height":320},"user_agent":"","locale":"en-US","device":{"id":"5ec5db96-6c4c-4d0b-bcf0-f49ba3dca930","manufacturer":"unknown","model":"robolectric","name":"robolectric"},"network":{"carrier":""}},"rl_type":"track","rl_message_id":"1e4b3878-34e9-4efd-bd0d-3731a89597b5","timestamp":"2019-07-18 06:11:55+0000","rl_anonymous_id":"5ec5db96-6c4c-4d0b-bcf0-f49ba3dca930","rl_event":"Order Updated","rl_properties":{"order_id":"50314b8e9bcf000000000000","affiliation":"Google Store","total":27.5,"value":30.0,"revenue":25.0,"shipping":3.0,"tax":2.0,"discount":2.5,"coupon":"hasbros","currency":"USD","products":[{"product_id":"507f1f77bcf86cd799439011","sku":"45790-32","category":"Games","name":"Monopoly: 3rd Edition","brand":"Monopoly","variant":"Single User","price":19.0,"quantity":1.0,"coupon":"MAY_DEALS_3","position":1.0,"url":"https://www.example.com/product/path","image_url":"https://www.example.com/product/path.jpg"},{"product_id":"507f1f77bcf86cd799439011","sku":"45790-32","category":"Games","name":"Monopoly: 3rd Edition","brand":"Monopoly","variant":"Single User","price":19.0,"quantity":1.0,"coupon":"MAY_DEALS_3","position":1.0,"url":"https://www.example.com/product/path","image_url":"https://www.example.com/product/path.jpg"},{"product_id":"507f1f77bcf86cd799439011","sku":"45790-32","category":"Games","name":"Monopoly: 3rd Edition","brand":"Monopoly","variant":"Single User","price":19.0,"quantity":1.0,"coupon":"MAY_DEALS_3","position":1.0,"url":"https://www.example.com/product/path","image_url":"https://www.example.com/product/path.jpg"}]},"integrations":["rudderlabs"]}}]
