[{"rl_message":{"rl_channel":"Test Channel","rl_context":{"app":{"build":"0","name":"com.rudderlabs.android.library.test","namespace":"com.rudderlabs.android.library.test","version":"1.0.0"},"rl_traits":{"rl_anonymous_id":"6250c1b1-e70c-4e1c-aa2a-48309370408f"},"library":{"name":"com.rudderlabs.android.library","version":"1.0"},"os":{"name":"Android","version":"9"},"screen":{"density":1,"width":470,"height":320},"user_agent":"","locale":"en-US","device":{"id":"5ec5db96-6c4c-4d0b-bcf0-f49ba3dca930","manufacturer":"unknown","model":"robolectric","name":"robolectric"},"network":{"carrier":""}},"rl_type":"track","message_id":"f4aeb97c-dd96-4c22-b4c1-1cc0c0a82d0f","timestamp":"2019-07-18 06:12:09+0000","anonymousId":"5ec5db96-6c4c-4d0b-bcf0-f49ba3dca930","rl_event":"Order Refunded","rl_properties":{"order_id":"50314b8e9bcf000000000000"},"integrations":["rudderlabs"]}}]
