{"sent_at":"2019-07-19 12:34:04+0000","batch":[{"rl_message":{"rl_channel":"Test Channel","rl_context":{"rl_app":{"rl_build":"0","rl_name":"com.rudderlabs.android.library.test","rl_namespace":"com.rudderlabs.android.library.test","rl_version":"1.0.0"},"rl_traits":{"rl_anonymous_id":"281a4fe5-d459-4458-90aa-3fd98984a2ee"},"rl_library":{"rl_name":"com.rudderlabs.android.library","rl_version":"1.0"},"rl_os":{"rl_name":"Android","rl_version":"9"},"rl_screen":{"rl_density":1,"rl_width":470,"rl_height":320},"rl_user_agent":"","rl_locale":"en-US","rl_device":{"rl_id":"281a4fe5-d459-4458-90aa-3fd98984a2ee","rl_manufacturer":"unknown","rl_model":"robolectric","rl_name":"robolectric"},"rl_network":{"rl_carrier":""}},"rl_type":"page","rl_message_id":"abe81a24-84dc-46bc-b19d-86ac79978d8c","rl_timestamp":"2019-07-19 12:34:04+0000","rl_anonymous_id":"281a4fe5-d459-4458-90aa-3fd98984a2ee","rl_properties":{"title":"Test Title","url":"http://jsonviewer.stack.hu","path":"http://jsonviewer.stack.hu","referrer":"Test Event","search":"Test","keywords":"Test"},"rl_integrations":["rudderlabs"]}}]}
