{"sent_at":"2019-07-17 06:34:28+0000","batch":[{"rl_message":{"channel":"Test Channel","rl_context":{"app":{"build":"0","name":"com.rudderlabs.android.library.test","namespace":"com.rudderlabs.android.library.test","version":"1.0.0"},"traits":{"rl_anonymous_id":"6250c1b1-e70c-4e1c-aa2a-48309370408f"},"library":{"name":"com.rudderlabs.android.library","version":"1.0"},"os":{"name":"Android","version":"9"},"screen":{"density":1,"width":470,"height":320},"user_agent":"","locale":"en-US","device":{"id":"b6175a64-122f-4b2a-be9c-32ec27f1e70b","manufacturer":"unknown","model":"robolectric","name":"robolectric"},"network":{"carrier":""}},"rl_type":"track","rl_message_id":"aa3a39b7-59d0-4927-b773-eda94b9c2541","timestamp":"2019-07-17 06:34:28+0000","rl_anonymous_id":"b6175a64-122f-4b2a-be9c-32ec27f1e70b","rl_event":"Order Refunded","rl_properties":{"order_id":"50314b8e9bcf000000000000","total":30.0,"currency":"USD","products":[{"product_id":"507f1f77bcf86cd799439011","sku":"45790-32","category":"Games","name":"Monopoly: 3rd Edition","brand":"Monopoly","variant":"Single User","price":19.0,"quantity":1.0,"coupon":"MAY_DEALS_3","position":1,"url":"https://www.example.com/product/path","image_url":"https://www.example.com/product/path.jpg"},{"product_id":"507f1f77bcf86cd799439011","sku":"45790-32","category":"Games","name":"Monopoly: 3rd Edition","brand":"Monopoly","variant":"Single User","price":19.0,"quantity":1.0,"coupon":"MAY_DEALS_3","position":1,"url":"https://www.example.com/product/path","image_url":"https://www.example.com/product/path.jpg"}]},"integrations":["rudderlabs"]}}]}
