{"batch":[{"rl_message":{"channel":"Test Channel","rl_context":{"app":{"build":"1","name":"AndroidAnalytics","namespace":"com.example.androidanalytics","version":"1.0"},"device":{"id":"fbcb5259-b7d5-4606-84fa-61ce59969bb4","manufacturer":"Google","model":"Android SDK built for x86","name":"generic_x86"},"library":{"name":"com.example.analyticslibrary","version":"1.0"},"locale":"en-US","network":{"carrier":"Android"},"os":{"name":"Android","version":"9"},"screen":{"density":2,"height":1080,"width":1794},"rl_traits":{"rl_anonymous_id":"6250c1b1-e70c-4e1c-aa2a-48309370408f"},"user_agent":""},"rl_event":"Promotion Clicked","integrations":["rudderlabs"],"rl_message_id":"1562606098822","rl_properties":{"promotion_id":"promo_1","creative":"top_banner_2","name":"75% store-wide shoe sale","position":"home_banner_top"},"rl_timestamp":"2019-07-08 17:14:58+0000","rl_type":"Track"}}],"sent_at":"2019-07-08 17:14:59+0000"}
