[{"rl_message":{"channel":"Test Channel","rl_context":{"app":{"build":"0","name":"com.rudderlabs.android.library.test","namespace":"com.rudderlabs.android.library.test","version":"1.0.0"},"rl_traits":{"rl_anonymous_id":"6250c1b1-e70c-4e1c-aa2a-48309370408f"},"library":{"name":"com.rudderlabs.android.library","version":"1.0"},"os":{"name":"Android","version":"9"},"screen":{"density":1,"width":470,"height":320},"user_agent":"","locale":"en-US","device":{"id":"5ec5db96-6c4c-4d0b-bcf0-f49ba3dca930","manufacturer":"unknown","model":"robolectric","name":"robolectric"},"network":{"carrier":""}},"rl_type":"track","rl_message_id":"b2f9bc85-78d5-4bd5-8d55-333ca05974e6","timestamp":"2019-07-18 06:11:58+0000","rl_anonymous_id":"5ec5db96-6c4c-4d0b-bcf0-f49ba3dca930","rl_event":"Product List Filtered","rl_properties":{"list_id":"todays_deals_may_11_2016","category":"Deals","products":[{"product_id":"507f1f77bcf86cd799439011","sku":"45790-32","category":"Games","name":"Monopoly: 3rd Edition","brand":"Monopoly","variant":"Single User","price":19.0,"quantity":1.0,"coupon":"MAY_DEALS_3","position":1,"url":"https://www.example.com/product/path","image_url":"https://www.example.com/product/path.jpg"},{"product_id":"507f1f77bcf86cd799439011","sku":"45790-32","category":"Games","name":"Monopoly: 3rd Edition","brand":"Monopoly","variant":"Single User","price":19.0,"quantity":1.0,"coupon":"MAY_DEALS_3","position":1,"url":"https://www.example.com/product/path","image_url":"https://www.example.com/product/path.jpg"},{"product_id":"507f1f77bcf86cd799439011","sku":"45790-32","category":"Games","name":"Monopoly: 3rd Edition","brand":"Monopoly","variant":"Single User","price":19.0,"quantity":1.0,"coupon":"MAY_DEALS_3","position":1,"url":"https://www.example.com/product/path","image_url":"https://www.example.com/product/path.jpg"}],"filters":[{"type":"department","value":"beauty"},{"type":"price","value":"under-$25"}],"sorts":[{"type":"price","value":"desc"}]},"integrations":["rudderlabs"]}}]
