{"batch":[{"rl_message":{"channel":"Test Channel","rl_context":{"app":{"build":"1","name":"AndroidAnalytics","namespace":"com.example.androidanalytics","version":"1.0"},"device":{"id":"0cea3ef3-e61d-462e-b1a5-93810b4a9c83","manufacturer":"Google","model":"Android SDK built for x86","name":"generic_x86"},"library":{"name":"com.example.analyticslibrary","version":"1.0"},"locale":"en-US","network":{"carrier":"Android"},"os":{"name":"Android","version":"9"},"screen":{"density":2,"height":1080,"width":1794},"rl_traits":{"rl_anonymous_id":"6250c1b1-e70c-4e1c-aa2a-48309370408f"},"user_agent":""},"rl_event":"Promotion Viewed","integrations":["rudderlabs"],"rl_message_id":"1562605929698","rl_properties":{"promotion_id":"promo_1","creative":"top_banner_2","name":"75% store-wide shoe sale","position":"home_banner_top"},"rl_timestamp":"2019-07-08 17:12:09+0000","rl_type":"track"}}],"sent_at":"2019-07-08 17:12:11+0000"}
