{
  "sent_at": "2019-07-17 10:47:27+0000",
  "batch": [
    {
      "rl_message": {
        "rl_channel": "Test Channel",
        "rl_context": {
          "app": {
            "build": "0",
            "name": "com.rudderlabs.android.library.test",
            "namespace": "com.rudderlabs.android.library.test",
            "version": "1.0.0"
          },
          "rl_traits": {
            "rl_anonymous_id": "6250c1b1-e70c-4e1c-aa2a-48309370408f"
          },
          "library": {
            "name": "com.rudderlabs.android.library",
            "version": "1.0"
          },
          "os": { "name": "Android", "version": "9" },
          "screen": { "density": 1, "width": 470, "height": 320 },
          "user_agent": "",
          "locale": "en-US",
          "device": {
            "id": "4724d2ab-9529-4066-88ba-cb63a4c8a2a2",
            "manufacturer": "unknown",
            "model": "robolectric",
            "name": "robolectric"
          },
          "network": { "carrier": "" }
        },
        "rl_type": "track",
        "message_id": "48788322-07cb-456b-9d87-63966cab5af6",
        "rl_timestamp": "2019-07-17 10:47:27+0000",
        "anonymousId": "4724d2ab-9529-4066-88ba-cb63a4c8a2a2",
        "rl_event": "Product Removed",
        "rl_properties": {
          "product_id": "507f1f77bcf86cd799439011",
          "sku": "45790-32",
          "category": "Games",
          "name": "Monopoly: 3rd Edition",
          "brand": "Monopoly",
          "variant": "Single User",
          "price": 19.0,
          "quantity": 1.0,
          "coupon": "MAY_DEALS_3",
          "position": 1.0,
          "url": "https://www.example.com/product/path",
          "image_url": "https://www.example.com/product/path.jpg",
          "cart_id": "skdjsidjsdkdj29j"
        },
        "integrations": ["rudderlabs"]
      }
    }
  ]
}
