{"sent_at":"2019-07-17 09:07:04+0000","batch":[{"rl_message":{"channel":"Test Channel","rl_context":{"app":{"build":"0","name":"com.rudderlabs.android.library.test","namespace":"com.rudderlabs.android.library.test","version":"1.0.0"},"rl_traits":{"rl_anonymous_id":"6250c1b1-e70c-4e1c-aa2a-48309370408f"},"library":{"name":"com.rudderlabs.android.library","version":"1.0"},"os":{"name":"Android","version":"9"},"screen":{"density":1,"width":470,"height":320},"user_agent":"","locale":"en-US","device":{"id":"9d83c221-f527-4a8f-a9fe-bfd0a448141a","manufacturer":"unknown","model":"robolectric","name":"robolectric"},"network":{"carrier":""}},"rl_type":"track","rl_message_id":"a6497de6-1c21-4b2f-bf78-6902a5dfaaed","rl_timestamp":"2019-07-17 09:07:04+0000","rl_anonymous_id":"9d83c221-f527-4a8f-a9fe-bfd0a448141a","rl_event":"Product Clicked","rl_properties":{"product_id":"507f1f77bcf86cd799439011","sku":"45790-32","category":"Games","name":"Monopoly: 3rd Edition","brand":"Monopoly","variant":"Single User","price":19.0,"quantity":1.0,"coupon":"MAY_DEALS_3","position":1.0,"url":"https://www.example.com/product/path","image_url":"https://www.example.com/product/path.jpg"},"integrations":["rudderlabs"]}}]}
