{"sent_at":"2019-07-19 12:32:26+0000","batch":[{"rl_message":{"rl_channel":"Test Channel","rl_context":{"rl_app":{"rl_build":"0","rl_name":"com.rudderlabs.android.library.test","rl_namespace":"com.rudderlabs.android.library.test","rl_version":"1.0.0"},"rl_traits":{"rl_anonymous_id":"0314a677-766d-4f73-a361-295926a58106"},"rl_library":{"rl_name":"com.rudderlabs.android.library","rl_version":"1.0"},"rl_os":{"rl_name":"Android","rl_version":"9"},"rl_screen":{"rl_density":1,"rl_width":470,"rl_height":320},"rl_user_agent":"","rl_locale":"en-US","rl_device":{"rl_id":"0314a677-766d-4f73-a361-295926a58106","rl_manufacturer":"unknown","rl_model":"robolectric","rl_name":"robolectric"},"rl_network":{"rl_carrier":""}},"rl_type":"screen","rl_message_id":"cf1a7b3d-fa4d-467b-b765-647b1a610a0f","rl_timestamp":"2019-07-19 12:32:26+0000","rl_anonymous_id":"0314a677-766d-4f73-a361-295926a58106","rl_properties":{"name":"Test Screen"},"rl_integrations":["rudderlabs"]}}]}
