{"sent_at":"2019-07-19T16:12:37.694361+05:30","batch":[{"rl_message":{"rl_anonymous_id":"19702fee-6184-482e-aa05-8ab21402e1f3","rl_channel":"Test Channel","rl_context":{"rl_anonymous_id":"70049977-eaef-48bb-b033-76e9862d1bf7","rl_app":{"rl_build":"0","rl_name":"com.rudderlabs.android.library.test","rl_namespace":"com.rudderlabs.android.library.test","rl_version":"1.0.0"},"rl_device":{"rl_id":"19702fee-6184-482e-aa05-8ab21402e1f3","rl_manufacturer":"unknown","rl_model":"robolectric","rl_name":"robolectric"},"rl_library":{"rl_name":"com.rudderlabs.android.library","rl_version":"1.0"},"rl_locale":"en-US","rl_network":{"rl_carrier":""},"rl_os":{"rl_name":"Android","rl_version":"9"},"rl_screen":{"rl_density":1,"rl_height":320,"rl_width":470},"rl_traits":{"rl_anonymous_id":"19702fee-6184-482e-aa05-8ab21402e1f3"},"rl_user_agent":""},"rl_event":"Test Track","rl_integrations":["rudderlabs"],"rl_message_id":"6def71bd-eae8-4cb1-bfe7-0b5e7eaf89fd","rl_properties":{"category":"ijk","label":"ijk","value":"opq"},"rl_timestamp":"2019-07-19 10:12:22+0000","rl_type":"track"}}]}
