{
    "batch": [
        {
            "rl_message": {
                "rl_message_id": "874f698d-e15a-45be-9bdd-613c2cca1d9e",
                "rl_context": {
                    "rl_network": {
                        "rl_carrier": "T-Mobile"
                    },
                    "rl_device": {
                        "rl_manufacturer": "LGE",
                        "rl_model": "LG-M210",
                        "rl_name": "lge",
                        "rl_id": "8b7ac98a-f3bf-499e-915a-692ae65104a7R"
                    },
                    "rl_os": {
                        "rl_version": "7.0",
                        "rl_name": "android"
                    },
                    "rl_traits": {
                        "rl_anonymous_id": "3e31afe0-80a5-45c2-9ef4-717c730da0d5",
                        "rl_address": {
                            "rl_country": "United States",
                            "rl_city": "Louisville"
                        }
                    }
                },
                "rl_type": "track",
                "rl_user_properties": {
                    "[AppsFlyer] campaign": "N/A",
                    "[AppsFlyer] media source": "Organic",
                    "abtest_tags": "N/A",
                    "abtest_values": "N/A",
                    "coin_balance": 2807883,
                    "current_module_name": "PlayerHomeModule",
                    "fb_profile": "1",
                    "game_fps": 31,
                    "game_name": "None",
                    "gem_balance": 359,
                    "graphicsQuality": "SD",
                    "idfa": "8fc79218-f1c6-4f75-9220-25091e22d9fd",
                    "internetReachability": "ReachableViaCarrierDataNetwork",
                    "isLowEndDevice": false,
                    "level": 27,
                    "lifetime_gem_balance": 359,
                    "player_total_battles": 0,
                    "player_total_shields": 0,
                    "start_date": "2019-07-14",
                    "total_payments": 12,
                    "user_id": "3e31afe0-80a5-45c2-9ef4-717c730da0d5",
                    "versionSessionCount": 116
                },
                "rl_properties": {
                    "assets_Load_Time": 1509,
                    "coin_balance": 2807883,
                    "current_module_name": "PlayerHomeModule",
                    "fb_profile": "1",
                    "game_fps": 31,
                    "game_name": "EnchantedManorSlots",
                    "gem_balance": 359,
                    "graphicsQuality": "SD",
                    "idfa": "8fc79218-f1c6-4f75-9220-25091e22d9fd",
                    "internetReachability": "ReachableViaCarrierDataNetwork",
                    "isLowEndDevice": "False",
                    "is_assets_cached": "True",
                    "level": 27,
                    "lifetime_gem_balance": 359,
                    "player_total_battles": 0,
                    "player_total_shields": 0,
                    "server_response_time": 291,
                    "start_date": "2019-07-14",
                    "total_load_time": 5462,
                    "total_payments": 12,
                    "user_id": "3e31afe0-80a5-45c2-9ef4-717c730da0d5",
                    "versionSessionCount": 116
                },
                "rl_event": "casino_game_load_time"
            }
        },
        {
            "rl_message": {
                "rl_message_id": "874f698d-e15a-45be-9bdd-613c2cca1d9e",
                "rl_context": {
                    "rl_network": {
                        "rl_carrier": "T-Mobile"
                    },
                    "rl_device": {
                        "rl_manufacturer": "LGE",
                        "rl_model": "LG-M210",
                        "rl_name": "lge",
                        "rl_id": "8b7ac98a-f3bf-499e-915a-692ae65104a7R"
                    },
                    "rl_os": {
                        "rl_version": "7.0",
                        "rl_name": "android"
                    },
                    "rl_traits": {
                        "rl_anonymous_id": "3e31afe0-80a5-45c2-9ef4-717c730da0d5",
                        "rl_address": {
                            "rl_country": "United States",
                            "rl_city": "Louisville"
                        }
                    }
                },
                "rl_type": "track",
                "rl_user_properties": {
                    "[AppsFlyer] campaign": "N/A",
                    "[AppsFlyer] media source": "Organic",
                    "abtest_tags": "N/A",
                    "abtest_values": "N/A",
                    "coin_balance": 2807883,
                    "current_module_name": "PlayerHomeModule",
                    "fb_profile": "1",
                    "game_fps": 31,
                    "game_name": "None",
                    "gem_balance": 359,
                    "graphicsQuality": "SD",
                    "idfa": "8fc79218-f1c6-4f75-9220-25091e22d9fd",
                    "internetReachability": "ReachableViaCarrierDataNetwork",
                    "isLowEndDevice": false,
                    "level": 27,
                    "lifetime_gem_balance": 359,
                    "player_total_battles": 0,
                    "player_total_shields": 0,
                    "start_date": "2019-07-14",
                    "total_payments": 13,
                    "user_id": "3e31afe0-80a5-45c2-9ef4-717c730da0d5",
                    "versionSessionCount": 116
                },
                "rl_properties": {
                    "assets_Load_Time": 1509,
                    "coin_balance": 2807883,
                    "current_module_name": "PlayerHomeModule",
                    "fb_profile": "1",
                    "game_fps": 31,
                    "game_name": "EnchantedManorSlots",
                    "gem_balance": 359,
                    "graphicsQuality": "SD",
                    "idfa": "8fc79218-f1c6-4f75-9220-25091e22d9fd",
                    "internetReachability": "ReachableViaCarrierDataNetwork",
                    "isLowEndDevice": "False",
                    "is_assets_cached": "True",
                    "level": 27,
                    "lifetime_gem_balance": 359,
                    "player_total_battles": 0,
                    "player_total_shields": 0,
                    "server_response_time": 291,
                    "start_date": "2019-07-14",
                    "total_load_time": 5462,
                    "total_payments": 13,
                    "user_id": "3e31afe0-80a5-45c2-9ef4-717c730da0d5",
                    "versionSessionCount": 116
                },
                "rl_event": "casino_game_load_time"
            }
        },
        {
            "rl_message": {
                "rl_message_id": "874f698d-e15a-45be-9bdd-613c2cca1d9e",
                "rl_context": {
                    "rl_network": {
                        "rl_carrier": "T-Mobile"
                    },
                    "rl_device": {
                        "rl_manufacturer": "LGE",
                        "rl_model": "LG-M210",
                        "rl_name": "lge",
                        "rl_id": "8b7ac98a-f3bf-499e-915a-692ae65104a7R"
                    },
                    "rl_os": {
                        "rl_version": "7.0",
                        "rl_name": "android"
                    },
                    "rl_traits": {
                        "rl_anonymous_id": "3e31afe0-80a5-45c2-9ef4-717c730da0d5",
                        "rl_address": {
                            "rl_country": "United States",
                            "rl_city": "Louisville"
                        }
                    }
                },
                "rl_type": "track",
                "rl_user_properties": {
                    "[AppsFlyer] campaign": "N/A",
                    "[AppsFlyer] media source": "Organic",
                    "abtest_tags": "N/A",
                    "abtest_values": "N/A",
                    "coin_balance": 2807883,
                    "current_module_name": "PlayerHomeModule",
                    "fb_profile": "1",
                    "game_fps": 31,
                    "game_name": "None",
                    "gem_balance": 359,
                    "graphicsQuality": "SD",
                    "idfa": "8fc79218-f1c6-4f75-9220-25091e22d9fd",
                    "internetReachability": "ReachableViaCarrierDataNetwork",
                    "isLowEndDevice": false,
                    "level": 27,
                    "lifetime_gem_balance": 359,
                    "player_total_battles": 0,
                    "player_total_shields": 0,
                    "start_date": "2019-07-14",
                    "total_payments": 31,
                    "user_id": "f2593c91-c6bd-4748-aac1-b9a3817621cb",
                    "versionSessionCount": 116
                },
                "rl_properties": {
                    "assets_Load_Time": 1509,
                    "coin_balance": 2807883,
                    "current_module_name": "PlayerHomeModule",
                    "fb_profile": "1",
                    "game_fps": 31,
                    "game_name": "EnchantedManorSlots",
                    "gem_balance": 359,
                    "graphicsQuality": "SD",
                    "idfa": "8fc79218-f1c6-4f75-9220-25091e22d9fd",
                    "internetReachability": "ReachableViaCarrierDataNetwork",
                    "isLowEndDevice": "False",
                    "is_assets_cached": "True",
                    "level": 27,
                    "lifetime_gem_balance": 359,
                    "player_total_battles": 0,
                    "player_total_shields": 0,
                    "server_response_time": 291,
                    "start_date": "2019-07-14",
                    "total_load_time": 5462,
                    "total_payments": 31,
                    "user_id": "f2593c91-c6bd-4748-aac1-b9a3817621cb",
                    "versionSessionCount": 116
                },
                "rl_event": "casino_game_load_time"
            }
        },
        {
            "rl_message": {
                "rl_message_id": "874f698d-e15a-45be-9bdd-613c2cca1d9e",
                "rl_context": {
                    "rl_network": {
                        "rl_carrier": "T-Mobile"
                    },
                    "rl_device": {
                        "rl_manufacturer": "LGE",
                        "rl_model": "LG-M210",
                        "rl_name": "lge",
                        "rl_id": "8b7ac98a-f3bf-499e-915a-692ae65104a7R"
                    },
                    "rl_os": {
                        "rl_version": "7.0",
                        "rl_name": "android"
                    },
                    "rl_traits": {
                        "rl_anonymous_id": "3e31afe0-80a5-45c2-9ef4-717c730da0d5",
                        "rl_address": {
                            "rl_country": "United States",
                            "rl_city": "Louisville"
                        }
                    }
                },
                "rl_type": "track",
                "rl_user_properties": {
                    "[AppsFlyer] campaign": "N/A",
                    "[AppsFlyer] media source": "Organic",
                    "abtest_tags": "N/A",
                    "abtest_values": "N/A",
                    "coin_balance": 2807883,
                    "current_module_name": "PlayerHomeModule",
                    "fb_profile": "1",
                    "game_fps": 31,
                    "game_name": "None",
                    "gem_balance": 359,
                    "graphicsQuality": "SD",
                    "idfa": "8fc79218-f1c6-4f75-9220-25091e22d9fd",
                    "internetReachability": "ReachableViaCarrierDataNetwork",
                    "isLowEndDevice": false,
                    "level": 27,
                    "lifetime_gem_balance": 359,
                    "player_total_battles": 0,
                    "player_total_shields": 0,
                    "start_date": "2019-07-14",
                    "total_payments": 16,
                    "user_id": "3e31afe0-80a5-45c2-9ef4-717c730da0d5",
                    "versionSessionCount": 116
                },
                "rl_properties": {
                    "assets_Load_Time": 1509,
                    "coin_balance": 2807883,
                    "current_module_name": "PlayerHomeModule",
                    "fb_profile": "1",
                    "game_fps": 31,
                    "game_name": "EnchantedManorSlots",
                    "gem_balance": 359,
                    "graphicsQuality": "SD",
                    "idfa": "8fc79218-f1c6-4f75-9220-25091e22d9fd",
                    "internetReachability": "ReachableViaCarrierDataNetwork",
                    "isLowEndDevice": "False",
                    "is_assets_cached": "True",
                    "level": 27,
                    "lifetime_gem_balance": 359,
                    "player_total_battles": 0,
                    "player_total_shields": 0,
                    "server_response_time": 291,
                    "start_date": "2019-07-14",
                    "total_load_time": 5462,
                    "total_payments": 16,
                    "user_id": "3e31afe0-80a5-45c2-9ef4-717c730da0d5",
                    "versionSessionCount": 116
                },
                "rl_event": "casino_game_load_time"
            }
        },
        {
            "rl_message": {
                "rl_message_id": "874f698d-e15a-45be-9bdd-613c2cca1d9e",
                "rl_context": {
                    "rl_network": {
                        "rl_carrier": "T-Mobile"
                    },
                    "rl_device": {
                        "rl_manufacturer": "LGE",
                        "rl_model": "LG-M210",
                        "rl_name": "lge",
                        "rl_id": "8b7ac98a-f3bf-499e-915a-692ae65104a7R"
                    },
                    "rl_os": {
                        "rl_version": "7.0",
                        "rl_name": "android"
                    },
                    "rl_traits": {
                        "rl_anonymous_id": "3e31afe0-80a5-45c2-9ef4-717c730da0d5",
                        "rl_address": {
                            "rl_country": "United States",
                            "rl_city": "Louisville"
                        }
                    }
                },
                "rl_type": "track",
                "rl_user_properties": {
                    "[AppsFlyer] campaign": "N/A",
                    "[AppsFlyer] media source": "Organic",
                    "abtest_tags": "N/A",
                    "abtest_values": "N/A",
                    "coin_balance": 2807883,
                    "current_module_name": "PlayerHomeModule",
                    "fb_profile": "1",
                    "game_fps": 31,
                    "game_name": "None",
                    "gem_balance": 359,
                    "graphicsQuality": "SD",
                    "idfa": "8fc79218-f1c6-4f75-9220-25091e22d9fd",
                    "internetReachability": "ReachableViaCarrierDataNetwork",
                    "isLowEndDevice": false,
                    "level": 27,
                    "lifetime_gem_balance": 359,
                    "player_total_battles": 0,
                    "player_total_shields": 0,
                    "start_date": "2019-07-14",
                    "total_payments": 45,
                    "user_id": "f2593c91-c6bd-4748-aac1-b9a3817621cb",
                    "versionSessionCount": 116
                },
                "rl_properties": {
                    "assets_Load_Time": 1509,
                    "coin_balance": 2807883,
                    "current_module_name": "PlayerHomeModule",
                    "fb_profile": "1",
                    "game_fps": 31,
                    "game_name": "EnchantedManorSlots",
                    "gem_balance": 359,
                    "graphicsQuality": "SD",
                    "idfa": "8fc79218-f1c6-4f75-9220-25091e22d9fd",
                    "internetReachability": "ReachableViaCarrierDataNetwork",
                    "isLowEndDevice": "False",
                    "is_assets_cached": "True",
                    "level": 27,
                    "lifetime_gem_balance": 359,
                    "player_total_battles": 0,
                    "player_total_shields": 0,
                    "server_response_time": 291,
                    "start_date": "2019-07-14",
                    "total_load_time": 5462,
                    "total_payments": 45,
                    "user_id": "f2593c91-c6bd-4748-aac1-b9a3817621cb",
                    "versionSessionCount": 116
                },
                "rl_event": "casino_game_load_time"
            }
        }

    ],
    "sent_at": "2019-08-02T15:27:58.946117+05:30"
}
