{
    "batch": [
        {
            "rl_message": {
                "rl_context": {
                    "rl_device": {
                        "rl_id": "F61F8A6A-3214-4FB5-88E1-AF451FE5B57E",
                        "rl_manufacturer": "Apple",
                        "rl_model": "iPhone 6s Plus",
                        "rl_name": null
                    },
                    "rl_network": {
                        "rl_carrier": "CMHK"
                    },
                    "rl_os": {
                        "rl_name": "ios",
                        "rl_version": "12.3.1"
                    },
                    "rl_traits": {
                        "rl_address": {
                            "rl_city": "Central",
                            "rl_country": "Hong Kong"
                        },
                        "rl_anonymous_id": "f8d6094d-e4f4-4216-b415-8398c692ff31"
                    }
                },
                "rl_event": "questItemClaim",
                "rl_integrations": {
                    "All": false,
                    "GA": true
                },
                "rl_message_id": "CC99BB78-1C7E-4C37-B822-46E3A6688CE6",
                "rl_properties": {
                    "coin_balance": 8563370,
                    "current_module_name": "PlayerHomeModule",
                    "fb_profile": "1",
                    "game_fps": 30,
                    "game_name": "None",
                    "gem_balance": 787,
                    "graphicsQuality": "HD",
                    "idfa": "DE234D4A-CC4F-4E7C-8DB1-36BEBEB75256",
                    "internetReachability": "ReachableViaCarrierDataNetwork",
                    "isLowEndDevice": "False",
                    "level": 32,
                    "lifetime_gem_balance": 787,
                    "player_total_battles": 287,
                    "player_total_shields": 454,
                    "questId": "QuestDragonPower1",
                    "questItemId": "GetDPSpin500",
                    "questItemRewardAmount": 2000000,
                    "questItemRewardType": "Coins",
                    "questMinutesSinceStart": 58,
                    "scratcherId": "scratcher7",
                    "scratcherType": "Silver",
                    "scratcherWinType": "MatchThree",
                    "start_date": "2019-07-26",
                    "total_payments": 599,
                    "user_id": "f8d6094d-e4f4-4216-b415-8398c692ff31",
                    "versionSessionCount": 32
                },
                "rl_timestamp": "2019-08-29T16:24:25.640447+05:30",
                "rl_type": "track",
                "rl_user_properties": {
                    "[AppsFlyer] campaign": "N/A",
                    "[AppsFlyer] installed at": "2019-07-26 08:07:24.306",
                    "[AppsFlyer] media source": "Organic",
                    "[AppsFlyer] network name": "organic",
                    "coin_balance": 8563370,
                    "current_module_name": "PlayerHomeModule",
                    "fb_profile": "1",
                    "game_fps": 30,
                    "game_name": "None",
                    "gem_balance": 787,
                    "graphicsQuality": "HD",
                    "idfa": "DE234D4A-CC4F-4E7C-8DB1-36BEBEB75256",
                    "internetReachability": "ReachableViaCarrierDataNetwork",
                    "isLowEndDevice": false,
                    "level": 32,
                    "lifetime_gem_balance": 787,
                    "player_total_battles": 287,
                    "player_total_shields": 454,
                    "start_date": "2019-07-26",
                    "total_payments": 599,
                    "user_id": "f8d6094d-e4f4-4216-b415-8398c692ff31",
                    "versionSessionCount": 32
                }
            }
        },
        {
            "rl_message": {
                "rl_context": {
                    "rl_device": {
                        "rl_id": "F61F8A6A-3214-4FB5-88E1-AF451FE5B57E",
                        "rl_manufacturer": "Apple",
                        "rl_model": "iPhone 6s Plus",
                        "rl_name": null
                    },
                    "rl_network": {
                        "rl_carrier": "CMHK"
                    },
                    "rl_os": {
                        "rl_name": "ios",
                        "rl_version": "12.3.1"
                    },
                    "rl_traits": {
                        "rl_address": {
                            "rl_city": "Central",
                            "rl_country": "Hong Kong"
                        },
                        "rl_anonymous_id": "f8d6094d-e4f4-4216-b415-8398c692ff31"
                    }
                },
                "rl_event": "questItemClaim",
                "rl_integrations": {
                    "All": false,
                    "GA": true
                },
                "rl_message_id": "C9548032-CA53-41F2-B67F-832F8A4BC96B",
                "rl_properties": {
                    "coin_balance": 10563370,
                    "current_module_name": "PlayerHomeModule",
                    "fb_profile": "1",
                    "game_fps": 30,
                    "game_name": "None",
                    "gem_balance": 787,
                    "graphicsQuality": "HD",
                    "idfa": "DE234D4A-CC4F-4E7C-8DB1-36BEBEB75256",
                    "internetReachability": "ReachableViaCarrierDataNetwork",
                    "isLowEndDevice": "False",
                    "level": 32,
                    "lifetime_gem_balance": 787,
                    "player_total_battles": 287,
                    "player_total_shields": 454,
                    "questId": "QuestDragonPower1",
                    "questItemId": "GetDPRespin2",
                    "questItemRewardAmount": 3000000,
                    "questItemRewardType": "Coins",
                    "questMinutesSinceStart": 59,
                    "scratcherId": "scratcher9",
                    "scratcherType": "Gold",
                    "scratcherWinType": "MatchThree",
                    "start_date": "2019-07-26",
                    "total_payments": 599,
                    "user_id": "f8d6094d-e4f4-4216-b415-8398c692ff31",
                    "versionSessionCount": 32
                },
                "rl_timestamp": "2019-08-29T16:24:25.6809+05:30",
                "rl_type": "track",
                "rl_user_properties": {
                    "[AppsFlyer] campaign": "N/A",
                    "[AppsFlyer] installed at": "2019-07-26 08:07:24.306",
                    "[AppsFlyer] media source": "Organic",
                    "[AppsFlyer] network name": "organic",
                    "coin_balance": 10563370,
                    "current_module_name": "PlayerHomeModule",
                    "fb_profile": "1",
                    "game_fps": 30,
                    "game_name": "None",
                    "gem_balance": 787,
                    "graphicsQuality": "HD",
                    "idfa": "DE234D4A-CC4F-4E7C-8DB1-36BEBEB75256",
                    "internetReachability": "ReachableViaCarrierDataNetwork",
                    "isLowEndDevice": false,
                    "level": 32,
                    "lifetime_gem_balance": 787,
                    "player_total_battles": 287,
                    "player_total_shields": 454,
                    "start_date": "2019-07-26",
                    "total_payments": 599,
                    "user_id": "f8d6094d-e4f4-4216-b415-8398c692ff31",
                    "versionSessionCount": 32
                }
            }
        },
        {
            "rl_message": {
                "rl_context": {
                    "rl_device": {
                        "rl_id": "F61F8A6A-3214-4FB5-88E1-AF451FE5B57E",
                        "rl_manufacturer": "Apple",
                        "rl_model": "iPhone 6s Plus",
                        "rl_name": null
                    },
                    "rl_network": {
                        "rl_carrier": "CMHK"
                    },
                    "rl_os": {
                        "rl_name": "ios",
                        "rl_version": "12.3.1"
                    },
                    "rl_traits": {
                        "rl_address": {
                            "rl_city": "Central",
                            "rl_country": "Hong Kong"
                        },
                        "rl_anonymous_id": "f8d6094d-e4f4-4216-b415-8398c692ff31"
                    }
                },
                "rl_event": "battle_end",
                "rl_integrations": {
                    "All": false,
                    "GA": true
                },
                "rl_message_id": "2F6093E5-7C73-4C87-9305-CBC257A47403",
                "rl_properties": {
                    "battle_bet_choice": 1000000,
                    "battle_end_player_balance": 166000,
                    "battle_end_result": "LOSS",
                    "battle_id": "773f5b4c-3751-40c9-9fcd-9cf69e7e7116",
                    "battle_is_abandoned": "False",
                    "battle_time_since_spins_ended": 1,
                    "battle_total_win": 0,
                    "coin_balance": 12563370,
                    "current_module_name": "CasinoGameModule",
                    "fb_profile": "1",
                    "game_fps": 30,
                    "game_name": "MammothChaseSlots",
                    "gem_balance": 787,
                    "graphicsQuality": "HD",
                    "idfa": "DE234D4A-CC4F-4E7C-8DB1-36BEBEB75256",
                    "internetReachability": "ReachableViaCarrierDataNetwork",
                    "isLowEndDevice": "False",
                    "level": 32,
                    "lifetime_gem_balance": 787,
                    "player_total_battles": 287,
                    "player_total_shields": 454,
                    "start_date": "2019-07-26",
                    "total_payments": 599,
                    "user_id": "f8d6094d-e4f4-4216-b415-8398c692ff31",
                    "versionSessionCount": 32
                },
                "rl_timestamp": "2019-08-29T16:24:25.863234+05:30",
                "rl_type": "track",
                "rl_user_properties": {
                    "[AppsFlyer] campaign": "N/A",
                    "[AppsFlyer] installed at": "2019-07-26 08:07:24.306",
                    "[AppsFlyer] media source": "Organic",
                    "[AppsFlyer] network name": "organic",
                    "coin_balance": 12563370,
                    "current_module_name": "CasinoGameModule",
                    "fb_profile": "1",
                    "game_fps": 30,
                    "game_name": "MammothChaseSlots",
                    "gem_balance": 787,
                    "graphicsQuality": "HD",
                    "idfa": "DE234D4A-CC4F-4E7C-8DB1-36BEBEB75256",
                    "internetReachability": "ReachableViaCarrierDataNetwork",
                    "isLowEndDevice": false,
                    "level": 32,
                    "lifetime_gem_balance": 787,
                    "player_total_battles": 287,
                    "player_total_shields": 454,
                    "start_date": "2019-07-26",
                    "total_payments": 599,
                    "user_id": "f8d6094d-e4f4-4216-b415-8398c692ff31",
                    "versionSessionCount": 32
                }
            }
        },
        {
            "rl_message": {
                "rl_context": {
                    "rl_device": {
                        "rl_id": "F61F8A6A-3214-4FB5-88E1-AF451FE5B57E",
                        "rl_manufacturer": "Apple",
                        "rl_model": "iPhone 6s Plus",
                        "rl_name": null
                    },
                    "rl_network": {
                        "rl_carrier": "CMHK"
                    },
                    "rl_os": {
                        "rl_name": "ios",
                        "rl_version": "12.3.1"
                    },
                    "rl_traits": {
                        "rl_address": {
                            "rl_city": "Central",
                            "rl_country": "Hong Kong"
                        },
                        "rl_anonymous_id": "f8d6094d-e4f4-4216-b415-8398c692ff31"
                    }
                },
                "rl_event": "casino_game_load_time",
                "rl_integrations": {
                    "All": false,
                    "GA": true
                },
                "rl_message_id": "C7B59159-67CB-4B35-A906-243569A0223F",
                "rl_properties": {
                    "assets_Load_Time": 349,
                    "coin_balance": 11563370,
                    "current_module_name": "PlayerHomeModule",
                    "fb_profile": "1",
                    "game_fps": 30,
                    "game_name": "TigerClawsSlots",
                    "gem_balance": 788,
                    "graphicsQuality": "HD",
                    "idfa": "DE234D4A-CC4F-4E7C-8DB1-36BEBEB75256",
                    "internetReachability": "ReachableViaCarrierDataNetwork",
                    "isLowEndDevice": "False",
                    "is_assets_cached": "True",
                    "level": 32,
                    "lifetime_gem_balance": 788,
                    "player_total_battles": 288,
                    "player_total_shields": 454,
                    "server_response_time": 7285,
                    "start_date": "2019-07-26",
                    "total_load_time": 7832,
                    "total_payments": 599,
                    "user_id": "f8d6094d-e4f4-4216-b415-8398c692ff31",
                    "versionSessionCount": 32
                },
                "rl_timestamp": "2019-08-29T16:24:25.863859+05:30",
                "rl_type": "track",
                "rl_user_properties": {
                    "[AppsFlyer] campaign": "N/A",
                    "[AppsFlyer] installed at": "2019-07-26 08:07:24.306",
                    "[AppsFlyer] media source": "Organic",
                    "[AppsFlyer] network name": "organic",
                    "coin_balance": 11563370,
                    "current_module_name": "PlayerHomeModule",
                    "fb_profile": "1",
                    "game_fps": 30,
                    "game_name": "None",
                    "gem_balance": 788,
                    "graphicsQuality": "HD",
                    "idfa": "DE234D4A-CC4F-4E7C-8DB1-36BEBEB75256",
                    "internetReachability": "ReachableViaCarrierDataNetwork",
                    "isLowEndDevice": false,
                    "level": 32,
                    "lifetime_gem_balance": 788,
                    "player_total_battles": 288,
                    "player_total_shields": 454,
                    "start_date": "2019-07-26",
                    "total_payments": 599,
                    "user_id": "f8d6094d-e4f4-4216-b415-8398c692ff31",
                    "versionSessionCount": 32
                }
            }
        },
        {
            "rl_message": {
                "rl_context": {
                    "rl_device": {
                        "rl_id": "F61F8A6A-3214-4FB5-88E1-AF451FE5B57E",
                        "rl_manufacturer": "Apple",
                        "rl_model": "iPhone 6s Plus",
                        "rl_name": null
                    },
                    "rl_network": {
                        "rl_carrier": "CMHK"
                    },
                    "rl_os": {
                        "rl_name": "ios",
                        "rl_version": "12.3.1"
                    },
                    "rl_traits": {
                        "rl_address": {
                            "rl_city": "Central",
                            "rl_country": "Hong Kong"
                        },
                        "rl_anonymous_id": "f8d6094d-e4f4-4216-b415-8398c692ff31"
                    }
                },
                "rl_event": "battle_end",
                "rl_integrations": {
                    "All": false,
                    "GA": true
                },
                "rl_message_id": "B4F6E27F-D736-40F6-9822-D29E8269F61B",
                "rl_properties": {
                    "battle_bet_choice": 1000000,
                    "battle_end_player_balance": 108550,
                    "battle_end_result": "LOSS",
                    "battle_id": "30f3b633-2ae0-4445-9fd4-8e16f2e8fbe5",
                    "battle_is_abandoned": "False",
                    "battle_time_since_spins_ended": 1,
                    "battle_total_win": 0,
                    "coin_balance": 11563370,
                    "current_module_name": "CasinoGameModule",
                    "fb_profile": "1",
                    "game_fps": 30,
                    "game_name": "TigerClawsSlots",
                    "gem_balance": 788,
                    "graphicsQuality": "HD",
                    "idfa": "DE234D4A-CC4F-4E7C-8DB1-36BEBEB75256",
                    "internetReachability": "ReachableViaCarrierDataNetwork",
                    "isLowEndDevice": "False",
                    "level": 32,
                    "lifetime_gem_balance": 788,
                    "player_total_battles": 288,
                    "player_total_shields": 454,
                    "start_date": "2019-07-26",
                    "total_payments": 599,
                    "user_id": "f8d6094d-e4f4-4216-b415-8398c692ff31",
                    "versionSessionCount": 32
                },
                "rl_timestamp": "2019-08-29T16:24:26.003743+05:30",
                "rl_type": "track",
                "rl_user_properties": {
                    "[AppsFlyer] campaign": "N/A",
                    "[AppsFlyer] installed at": "2019-07-26 08:07:24.306",
                    "[AppsFlyer] media source": "Organic",
                    "[AppsFlyer] network name": "organic",
                    "coin_balance": 11563370,
                    "current_module_name": "CasinoGameModule",
                    "fb_profile": "1",
                    "game_fps": 30,
                    "game_name": "TigerClawsSlots",
                    "gem_balance": 788,
                    "graphicsQuality": "HD",
                    "idfa": "DE234D4A-CC4F-4E7C-8DB1-36BEBEB75256",
                    "internetReachability": "ReachableViaCarrierDataNetwork",
                    "isLowEndDevice": false,
                    "level": 32,
                    "lifetime_gem_balance": 788,
                    "player_total_battles": 288,
                    "player_total_shields": 454,
                    "start_date": "2019-07-26",
                    "total_payments": 599,
                    "user_id": "f8d6094d-e4f4-4216-b415-8398c692ff31",
                    "versionSessionCount": 32
                }
            }
        },
        {
            "rl_message": {
                "rl_context": {
                    "rl_device": {
                        "rl_id": "F61F8A6A-3214-4FB5-88E1-AF451FE5B57E",
                        "rl_manufacturer": "Apple",
                        "rl_model": "iPhone 6s Plus",
                        "rl_name": null
                    },
                    "rl_network": {
                        "rl_carrier": "CMHK"
                    },
                    "rl_os": {
                        "rl_name": "ios",
                        "rl_version": "12.3.1"
                    },
                    "rl_traits": {
                        "rl_address": {
                            "rl_city": "Central",
                            "rl_country": "Hong Kong"
                        },
                        "rl_anonymous_id": "f8d6094d-e4f4-4216-b415-8398c692ff31"
                    }
                },
                "rl_event": "casino_game_load_time",
                "rl_integrations": {
                    "All": false,
                    "GA": true
                },
                "rl_message_id": "631C3423-545F-4710-BE87-DC972B2CC460",
                "rl_properties": {
                    "assets_Load_Time": 439,
                    "coin_balance": 10563370,
                    "current_module_name": "PlayerHomeModule",
                    "fb_profile": "1",
                    "game_fps": 30,
                    "game_name": "ShieldsOfFortuneSlots",
                    "gem_balance": 788,
                    "graphicsQuality": "HD",
                    "idfa": "DE234D4A-CC4F-4E7C-8DB1-36BEBEB75256",
                    "internetReachability": "ReachableViaCarrierDataNetwork",
                    "isLowEndDevice": "False",
                    "is_assets_cached": "True",
                    "level": 32,
                    "lifetime_gem_balance": 788,
                    "player_total_battles": 289,
                    "player_total_shields": 454,
                    "server_response_time": 1036,
                    "start_date": "2019-07-26",
                    "total_load_time": 1428,
                    "total_payments": 599,
                    "user_id": "f8d6094d-e4f4-4216-b415-8398c692ff31",
                    "versionSessionCount": 32
                },
                "rl_timestamp": "2019-08-29T16:24:26.088258+05:30",
                "rl_type": "track",
                "rl_user_properties": {
                    "[AppsFlyer] campaign": "N/A",
                    "[AppsFlyer] installed at": "2019-07-26 08:07:24.306",
                    "[AppsFlyer] media source": "Organic",
                    "[AppsFlyer] network name": "organic",
                    "coin_balance": 10563370,
                    "current_module_name": "PlayerHomeModule",
                    "fb_profile": "1",
                    "game_fps": 30,
                    "game_name": "None",
                    "gem_balance": 788,
                    "graphicsQuality": "HD",
                    "idfa": "DE234D4A-CC4F-4E7C-8DB1-36BEBEB75256",
                    "internetReachability": "ReachableViaCarrierDataNetwork",
                    "isLowEndDevice": false,
                    "level": 32,
                    "lifetime_gem_balance": 788,
                    "player_total_battles": 289,
                    "player_total_shields": 454,
                    "start_date": "2019-07-26",
                    "total_payments": 599,
                    "user_id": "f8d6094d-e4f4-4216-b415-8398c692ff31",
                    "versionSessionCount": 32
                }
            }
        },
        {
            "rl_message": {
                "rl_context": {
                    "rl_device": {
                        "rl_id": "F61F8A6A-3214-4FB5-88E1-AF451FE5B57E",
                        "rl_manufacturer": "Apple",
                        "rl_model": "iPhone 6s Plus",
                        "rl_name": null
                    },
                    "rl_network": {
                        "rl_carrier": "CMHK"
                    },
                    "rl_os": {
                        "rl_name": "ios",
                        "rl_version": "12.3.1"
                    },
                    "rl_traits": {
                        "rl_address": {
                            "rl_city": "Central",
                            "rl_country": "Hong Kong"
                        },
                        "rl_anonymous_id": "f8d6094d-e4f4-4216-b415-8398c692ff31"
                    }
                },
                "rl_event": "battle_end",
                "rl_integrations": {
                    "All": false,
                    "GA": true
                },
                "rl_message_id": "23573459-A50E-4EA2-9E33-496375A54272",
                "rl_properties": {
                    "battle_bet_choice": 1000000,
                    "battle_end_player_balance": 300000,
                    "battle_end_result": "LOSS",
                    "battle_id": "eea10eca-ce36-4ae1-ba03-5f1e0fdba06e",
                    "battle_is_abandoned": "False",
                    "battle_time_since_spins_ended": -1,
                    "battle_total_win": 0,
                    "coin_balance": 10563370,
                    "current_module_name": "CasinoGameModule",
                    "fb_profile": "1",
                    "game_fps": 30,
                    "game_name": "ShieldsOfFortuneSlots",
                    "gem_balance": 788,
                    "graphicsQuality": "HD",
                    "idfa": "DE234D4A-CC4F-4E7C-8DB1-36BEBEB75256",
                    "internetReachability": "ReachableViaCarrierDataNetwork",
                    "isLowEndDevice": "False",
                    "level": 32,
                    "lifetime_gem_balance": 788,
                    "player_total_battles": 289,
                    "player_total_shields": 454,
                    "start_date": "2019-07-26",
                    "total_payments": 599,
                    "user_id": "f8d6094d-e4f4-4216-b415-8398c692ff31",
                    "versionSessionCount": 32
                },
                "rl_timestamp": "2019-08-29T16:24:26.204663+05:30",
                "rl_type": "track",
                "rl_user_properties": {
                    "[AppsFlyer] campaign": "N/A",
                    "[AppsFlyer] installed at": "2019-07-26 08:07:24.306",
                    "[AppsFlyer] media source": "Organic",
                    "[AppsFlyer] network name": "organic",
                    "coin_balance": 10563370,
                    "current_module_name": "CasinoGameModule",
                    "fb_profile": "1",
                    "game_fps": 30,
                    "game_name": "ShieldsOfFortuneSlots",
                    "gem_balance": 788,
                    "graphicsQuality": "HD",
                    "idfa": "DE234D4A-CC4F-4E7C-8DB1-36BEBEB75256",
                    "internetReachability": "ReachableViaCarrierDataNetwork",
                    "isLowEndDevice": false,
                    "level": 32,
                    "lifetime_gem_balance": 788,
                    "player_total_battles": 289,
                    "player_total_shields": 454,
                    "start_date": "2019-07-26",
                    "total_payments": 599,
                    "user_id": "f8d6094d-e4f4-4216-b415-8398c692ff31",
                    "versionSessionCount": 32
                }
            }
        },
        {
            "rl_message": {
                "rl_context": {
                    "rl_device": {
                        "rl_id": "F61F8A6A-3214-4FB5-88E1-AF451FE5B57E",
                        "rl_manufacturer": "Apple",
                        "rl_model": "iPhone 6s Plus",
                        "rl_name": null
                    },
                    "rl_network": {
                        "rl_carrier": "CMHK"
                    },
                    "rl_os": {
                        "rl_name": "ios",
                        "rl_version": "12.3.1"
                    },
                    "rl_traits": {
                        "rl_address": {
                            "rl_city": "Central",
                            "rl_country": "Hong Kong"
                        },
                        "rl_anonymous_id": "f8d6094d-e4f4-4216-b415-8398c692ff31"
                    }
                },
                "rl_event": "casino_game_load_time",
                "rl_integrations": {
                    "All": false,
                    "GA": true
                },
                "rl_message_id": "8E904F18-0FF2-49D4-ACD2-CB1F654A48E8",
                "rl_properties": {
                    "assets_Load_Time": 647,
                    "coin_balance": 9563370,
                    "current_module_name": "PlayerHomeModule",
                    "fb_profile": "1",
                    "game_fps": 5,
                    "game_name": "RoyalRomanceSlots",
                    "gem_balance": 789,
                    "graphicsQuality": "HD",
                    "idfa": "DE234D4A-CC4F-4E7C-8DB1-36BEBEB75256",
                    "internetReachability": "ReachableViaCarrierDataNetwork",
                    "isLowEndDevice": "False",
                    "is_assets_cached": "True",
                    "level": 32,
                    "lifetime_gem_balance": 789,
                    "player_total_battles": 290,
                    "player_total_shields": 454,
                    "server_response_time": 858,
                    "start_date": "2019-07-26",
                    "total_load_time": 1602,
                    "total_payments": 599,
                    "user_id": "f8d6094d-e4f4-4216-b415-8398c692ff31",
                    "versionSessionCount": 32
                },
                "rl_timestamp": "2019-08-29T16:24:26.452238+05:30",
                "rl_type": "track",
                "rl_user_properties": {
                    "[AppsFlyer] campaign": "N/A",
                    "[AppsFlyer] installed at": "2019-07-26 08:07:24.306",
                    "[AppsFlyer] media source": "Organic",
                    "[AppsFlyer] network name": "organic",
                    "coin_balance": 9563370,
                    "current_module_name": "PlayerHomeModule",
                    "fb_profile": "1",
                    "game_fps": 5,
                    "game_name": "None",
                    "gem_balance": 789,
                    "graphicsQuality": "HD",
                    "idfa": "DE234D4A-CC4F-4E7C-8DB1-36BEBEB75256",
                    "internetReachability": "ReachableViaCarrierDataNetwork",
                    "isLowEndDevice": false,
                    "level": 32,
                    "lifetime_gem_balance": 789,
                    "player_total_battles": 290,
                    "player_total_shields": 454,
                    "start_date": "2019-07-26",
                    "total_payments": 599,
                    "user_id": "f8d6094d-e4f4-4216-b415-8398c692ff31",
                    "versionSessionCount": 32
                }
            }
        },
        {
            "rl_message": {
                "rl_context": {
                    "rl_device": {
                        "rl_id": "F61F8A6A-3214-4FB5-88E1-AF451FE5B57E",
                        "rl_manufacturer": "Apple",
                        "rl_model": "iPhone 6s Plus",
                        "rl_name": null
                    },
                    "rl_network": {
                        "rl_carrier": "CMHK"
                    },
                    "rl_os": {
                        "rl_name": "ios",
                        "rl_version": "12.3.1"
                    },
                    "rl_traits": {
                        "rl_address": {
                            "rl_city": "Central",
                            "rl_country": "Hong Kong"
                        },
                        "rl_anonymous_id": "f8d6094d-e4f4-4216-b415-8398c692ff31"
                    }
                },
                "rl_event": "battle_end",
                "rl_integrations": {
                    "All": false,
                    "GA": true
                },
                "rl_message_id": "443D0C4F-9790-4B84-8DDE-D6F0B70192BA",
                "rl_properties": {
                    "battle_bet_choice": 1000000,
                    "battle_end_player_balance": 1078750,
                    "battle_end_result": "WIN",
                    "battle_id": "4eafb968-f824-408c-a5ef-8a6b788989ca",
                    "battle_is_abandoned": "False",
                    "battle_time_since_spins_ended": 9,
                    "battle_total_win": 1840000,
                    "coin_balance": 11403370,
                    "current_module_name": "CasinoGameModule",
                    "fb_profile": "1",
                    "game_fps": 30,
                    "game_name": "RoyalRomanceSlots",
                    "gem_balance": 789,
                    "graphicsQuality": "HD",
                    "idfa": "DE234D4A-CC4F-4E7C-8DB1-36BEBEB75256",
                    "internetReachability": "ReachableViaCarrierDataNetwork",
                    "isLowEndDevice": "False",
                    "level": 32,
                    "lifetime_gem_balance": 789,
                    "player_total_battles": 290,
                    "player_total_shields": 454,
                    "start_date": "2019-07-26",
                    "total_payments": 599,
                    "user_id": "f8d6094d-e4f4-4216-b415-8398c692ff31",
                    "versionSessionCount": 32
                },
                "rl_timestamp": "2019-08-29T16:24:26.591103+05:30",
                "rl_type": "track",
                "rl_user_properties": {
                    "[AppsFlyer] campaign": "N/A",
                    "[AppsFlyer] installed at": "2019-07-26 08:07:24.306",
                    "[AppsFlyer] media source": "Organic",
                    "[AppsFlyer] network name": "organic",
                    "coin_balance": 11403370,
                    "current_module_name": "CasinoGameModule",
                    "fb_profile": "1",
                    "game_fps": 30,
                    "game_name": "RoyalRomanceSlots",
                    "gem_balance": 789,
                    "graphicsQuality": "HD",
                    "idfa": "DE234D4A-CC4F-4E7C-8DB1-36BEBEB75256",
                    "internetReachability": "ReachableViaCarrierDataNetwork",
                    "isLowEndDevice": false,
                    "level": 32,
                    "lifetime_gem_balance": 789,
                    "player_total_battles": 290,
                    "player_total_shields": 454,
                    "start_date": "2019-07-26",
                    "total_payments": 599,
                    "user_id": "f8d6094d-e4f4-4216-b415-8398c692ff31",
                    "versionSessionCount": 32
                }
            }
        },
        {
            "rl_message": {
                "rl_context": {
                    "rl_device": {
                        "rl_id": "F61F8A6A-3214-4FB5-88E1-AF451FE5B57E",
                        "rl_manufacturer": "Apple",
                        "rl_model": "iPhone 6s Plus",
                        "rl_name": null
                    },
                    "rl_network": {
                        "rl_carrier": "CMHK"
                    },
                    "rl_os": {
                        "rl_name": "ios",
                        "rl_version": "12.3.1"
                    },
                    "rl_traits": {
                        "rl_address": {
                            "rl_city": "Central",
                            "rl_country": "Hong Kong"
                        },
                        "rl_anonymous_id": "f8d6094d-e4f4-4216-b415-8398c692ff31"
                    }
                },
                "rl_event": "casino_game_load_time",
                "rl_integrations": {
                    "All": false,
                    "GA": true
                },
                "rl_message_id": "383252B9-B1AB-4C5E-BD47-1DF45D1D99CD",
                "rl_properties": {
                    "assets_Load_Time": 474,
                    "coin_balance": 10403370,
                    "current_module_name": "PlayerHomeModule",
                    "fb_profile": "1",
                    "game_fps": 33,
                    "game_name": "GypsyRichesSlots",
                    "gem_balance": 789,
                    "graphicsQuality": "HD",
                    "idfa": "DE234D4A-CC4F-4E7C-8DB1-36BEBEB75256",
                    "internetReachability": "ReachableViaCarrierDataNetwork",
                    "isLowEndDevice": "False",
                    "is_assets_cached": "True",
                    "level": 32,
                    "lifetime_gem_balance": 789,
                    "player_total_battles": 291,
                    "player_total_shields": 458,
                    "server_response_time": 993,
                    "start_date": "2019-07-26",
                    "total_load_time": 1566,
                    "total_payments": 599,
                    "user_id": "f8d6094d-e4f4-4216-b415-8398c692ff31",
                    "versionSessionCount": 32
                },
                "rl_timestamp": "2019-08-29T16:24:26.641714+05:30",
                "rl_type": "track",
                "rl_user_properties": {
                    "[AppsFlyer] campaign": "N/A",
                    "[AppsFlyer] installed at": "2019-07-26 08:07:24.306",
                    "[AppsFlyer] media source": "Organic",
                    "[AppsFlyer] network name": "organic",
                    "coin_balance": 10403370,
                    "current_module_name": "PlayerHomeModule",
                    "fb_profile": "1",
                    "game_fps": 33,
                    "game_name": "None",
                    "gem_balance": 789,
                    "graphicsQuality": "HD",
                    "idfa": "DE234D4A-CC4F-4E7C-8DB1-36BEBEB75256",
                    "internetReachability": "ReachableViaCarrierDataNetwork",
                    "isLowEndDevice": false,
                    "level": 32,
                    "lifetime_gem_balance": 789,
                    "player_total_battles": 291,
                    "player_total_shields": 458,
                    "start_date": "2019-07-26",
                    "total_payments": 599,
                    "user_id": "f8d6094d-e4f4-4216-b415-8398c692ff31",
                    "versionSessionCount": 32
                }
            }
        }
    ],
    "sent_at": "2019-08-29T16:24:26.643421+05:30",
    "writeKey": "1P6q8fcXrkmekovCdk0a3gFq30X"
}