{"sent_at":"2019-07-17 10:11:05+0000", "batch":[{"rl_message":{"rl_channel":"Test Channel","rl_context":{"app":{"build":"0","name":"com.rudderlabs.android.library.test","namespace":"com.rudderlabs.android.library.test","version":"1.0.0"},"rl_traits":{"rl_anonymous_id":"6250c1b1-e70c-4e1c-aa2a-48309370408f"},"library":{"name":"com.rudderlabs.android.library","version":"1.0"},"os":{"name":"Android","version":"9"},"screen":{"density":1,"width":470,"height":320},"user_agent":"","locale":"en-US","device":{"id":"c629b888-d167-4b31-bed5-89bf477bf846","manufacturer":"unknown","model":"robolectric","name":"robolectric"},"network":{"carrier":""}},"rl_type":"track","rl_message_id":"a979ecee-5a87-45bd-b89b-51099f8e3b6b","rl_timestamp":"2019-07-16 07:21:46+0000","rl_anonymous_id":"c629b888-d167-4b31-bed5-89bf477bf846","rl_event":"Coins Purchased","rl_properties":{"price":"12.45", "quantity":"2", "category":"Test Category","label":"Test label","value":"Test value"},"integrations":["rudderlabs","amplitude"]}},
{"rl_message":{"rl_channel":"Test Channel","rl_context":{"app":{"build":"0","name":"com.rudderlabs.android.library.test","namespace":"com.rudderlabs.android.library.test","version":"1.0.0"},"rl_traits":{"rl_anonymous_id":"6250c1b1-e70c-4e1c-aa2a-48309370408f"},"library":{"name":"com.rudderlabs.android.library","version":"1.0"},"os":{"name":"Android","version":"9"},"screen":{"density":1,"width":470,"height":320},"user_agent":"","locale":"en-US","device":{"id":"c629b888-d167-4b31-bed5-89bf477bf846","manufacturer":"unknown","model":"robolectric","name":"robolectric"},"network":{"carrier":""}},"rl_type":"track","rl_message_id":"a979ecee-5a87-45bd-b89b-51099f8e3b6b","rl_timestamp":"2019-07-16 07:21:46+0000","rl_anonymous_id":"c629b888-d167-4b31-bed5-89bf477bf846","rl_event":"Coins Purchased","rl_properties":{"price":"13.2", "quantity":"4", "category":"Test Category","label":"Test label","value":"Test value"},"rl_integrations":["rudderlabs","amplitude"]}}]}
