[{"rl_message":{"rl_channel":"Test Channel","rl_context":{"app":{"build":"0","name":"com.rudderlabs.android.library.test","namespace":"com.rudderlabs.android.library.test","version":"1.0.0"},"rl_traits":{"rl_anonymous_id":"6250c1b1-e70c-4e1c-aa2a-48309370408f"},"library":{"name":"com.rudderlabs.android.library","version":"1.0"},"os":{"name":"Android","version":"9"},"screen":{"density":1,"width":470,"height":320},"user_agent":"","locale":"en-US","device":{"id":"5ec5db96-6c4c-4d0b-bcf0-f49ba3dca930","manufacturer":"unknown","model":"robolectric","name":"robolectric"},"network":{"carrier":""}},"rl_type":"track","rl_message_id":"13e6df84-226a-44ce-a42f-7ed699b2ffff","timestamp":"2019-07-18 06:11:59+0000","rl_anonymous_id":"5ec5db96-6c4c-4d0b-bcf0-f49ba3dca930","rl_event":"Coupon Removed","rl_properties":{"coupon_name":"May Deals 2016","discount":23.32,"reason":"","cart_id":"skdjsidjsdkdj29j","order_id":"50314b8e9bcf000000000000","coupon_id":"may_deals_2016"},"integrations":["rudderlabs"]}}]
