{"sent_at":"2019-07-17 07:59:53+0000","batch":[{"rl_message":{"channel":"Test Channel","rl_context":{"app":{"build":"0","name":"com.rudderlabs.android.library.test","namespace":"com.rudderlabs.android.library.test","version":"1.0.0"},"rl_traits":{"rl_anonymous_id":"6250c1b1-e70c-4e1c-aa2a-48309370408f"},"library":{"name":"com.rudderlabs.android.library","version":"1.0"},"os":{"name":"Android","version":"9"},"screen":{"density":1,"width":470,"height":320},"user_agent":"","locale":"en-US","device":{"id":"9791f3ae-ade8-4e46-91c4-3290a23af4c5","manufacturer":"unknown","model":"robolectric","name":"robolectric"},"network":{"carrier":""}},"rl_type":"track","rl_message_id":"3ad7f669-7243-41c5-ac24-ec10f40ccc21","rl_timestamp":"2019-07-17 07:59:52+0000","rl_anonymous_id":"9791f3ae-ade8-4e46-91c4-3290a23af4c5","rl_event":"Product List Viewed","rl_properties":{"list_id":"hot_deals_1","category":"Deals","products":[{"product_id":"507f1f77bcf86cd799439011","sku":"45790-32","category":"Games","name":"Monopoly: 3rd Edition","brand":"Monopoly","variant":"Single User","price":19.0,"quantity":1.0,"coupon":"MAY_DEALS_3","position":1,"url":"https://www.example.com/product/path","image_url":"https://www.example.com/product/path.jpg"},{"product_id":"507f1f77bcf86cd799439011","sku":"45790-32","category":"Games","name":"Monopoly: 3rd Edition","brand":"Monopoly","variant":"Single User","price":19.0,"quantity":1.0,"coupon":"MAY_DEALS_3","position":1,"url":"https://www.example.com/product/path","image_url":"https://www.example.com/product/path.jpg"},{"product_id":"507f1f77bcf86cd799439011","sku":"45790-32","category":"Games","name":"Monopoly: 3rd Edition","brand":"Monopoly","variant":"Single User","price":19.0,"quantity":1.0,"coupon":"MAY_DEALS_3","position":1,"url":"https://www.example.com/product/path","image_url":"https://www.example.com/product/path.jpg"}]},"integrations":["rudderlabs"]}}]}
