[{"rl_message":{"rl_channel":"Test Channel","rl_context":{"app":{"build":"0","name":"com.rudderlabs.android.library.test","namespace":"com.rudderlabs.android.library.test","version":"1.0.0"},"rl_traits":{"rl_anonymous_id":"6250c1b1-e70c-4e1c-aa2a-48309370408f"},"library":{"name":"com.rudderlabs.android.library","version":"1.0"},"os":{"name":"Android","version":"9"},"screen":{"density":1,"width":470,"height":320},"user_agent":"","locale":"en-US","device":{"id":"5ec5db96-6c4c-4d0b-bcf0-f49ba3dca930","manufacturer":"unknown","model":"robolectric","name":"robolectric"},"network":{"carrier":""}},"rl_type":"track","message_id":"1b98307f-a070-4d01-9749-70665af96a67","timestamp":"2019-07-18 06:12:00+0000","anonymous_id":"5ec5db96-6c4c-4d0b-bcf0-f49ba3dca930","rl_event":"Product Reviewed","rl_properties":{"product_id":"507f1f77bcf86cd799439011","review_id":"kdfjrj39fj39jf3","review_body":"I love this product","rating":"5"},"integrations":["rudderlabs"]}}]
