{"message":{"action":"","channel":"Test Channel","anonymousId":"1377adfb-d995-4802-b7c2-1fc0d18d7e17","message_id":"205e4e2e-ceaf-445c-aa88-24f10ac54392","context":{"screen":{"density":2,"width":414,"height":896},"os":{"name":"iOS","version":"12.2"},"locale":"en-US","app":{"version":"RudderSample","namespace":"com.example.RudderSample","name":"RudderSample","build":"1.0"},"traits":{"anonymousId":"0b17b00d-ce5c-4a25-b010-50392c080d4a"},"library":{"name":"rudder-ios-client","version":"1.0"},"device":{"id":"77519019-db18-4f5a-8974-bcaf4ee908aa","manufacturer":"Apple","model":"Simulator iPhone XR","name":"Simulator iPhone XR"},"network":{"carrier":"unavailable"},"user_agent":"RudderLabs iOS Library"},"event":"track","properties":null,"type":"Test Type","timestamp":"1563191957.998218integrations":["rudderlabs"]}}
