{
    "batch": [
        {
            "rl_message": {
                "rl_context": {
                    "rl_device": {
                        "rl_id": "2D76362F-81EF-452D-8DEF-C6CE08175855",
                        "rl_manufacturer": "Apple",
                        "rl_model": "iPhone10,5",
                        "rl_name": null
                    },
                    "rl_network": {
                        "rl_carrier": "T-Mobile"
                    },
                    "rl_os": {
                        "rl_name": "ios",
                        "rl_version": "12.3.2"
                    },
                    "rl_traits": {
                        "rl_address": {
                            "rl_city": "Las Vegas",
                            "rl_country": "United States"
                        },
                        "rl_anonymous_id": "0e0c46b4-e47f-4b8c-a06e-8b174ab929e3"
                    }
                },
                "rl_event": "battle_end",
                "rl_integrations": {
                    "All": false,
                    "GA": true
                },
                "rl_message_id": "D548544D-A349-4C3D-8C64-6A556D9CD817",
                "rl_properties": {
                    "battle_bet_choice": 1000000,
                    "battle_end_player_balance": 503810,
                    "battle_end_result": "LOSS",
                    "battle_id": "cf184062-78d5-4892-b780-b164103940c9",
                    "battle_is_abandoned": "False",
                    "battle_time_since_spins_ended": 9,
                    "battle_total_win": 0,
                    "coin_balance": 66680611,
                    "current_module_name": "CasinoGameModule",
                    "fb_profile": "0",
                    "game_fps": 30,
                    "game_name": "TreeOfGoldSlots",
                    "gem_balance": 1445,
                    "graphicsQuality": "HD",
                    "idfa": "416F93A9-650E-4A7F-97AD-963F389E2852",
                    "internetReachability": "ReachableViaCarrierDataNetwork",
                    "isLowEndDevice": "False",
                    "level": 39,
                    "lifetime_gem_balance": 1445,
                    "player_total_battles": 1474,
                    "player_total_shields": 3112,
                    "start_date": "2018-07-04",
                    "total_payments": 0,
                    "user_id": "0e0c46b4-e47f-4b8c-a06e-8b174ab929e3",
                    "versionSessionCount": 196
                },
                "rl_timestamp": "2019-08-29T16:17:12.383691+05:30",
                "rl_type": "track",
                "rl_user_properties": {
                    "[AppsFlyer] campaign": "UAC_iOS_US/CA_Install_28Jan19",
                    "[AppsFlyer] channel": "UAC_Display",
                    "[AppsFlyer] installed at": "2019-02-03 19:37:37.022",
                    "[AppsFlyer] media source": "googleadwords_int",
                    "[AppsFlyer] network name": "googleadwords_int",
                    "abtest_tags": "N/A",
                    "abtest_values": "N/A",
                    "coin_balance": 66680611,
                    "current_module_name": "CasinoGameModule",
                    "fb_profile": "0",
                    "game_fps": 30,
                    "game_name": "TreeOfGoldSlots",
                    "gem_balance": 1445,
                    "graphicsQuality": "HD",
                    "idfa": "416F93A9-650E-4A7F-97AD-963F389E2852",
                    "internetReachability": "ReachableViaCarrierDataNetwork",
                    "isLowEndDevice": false,
                    "level": 39,
                    "lifetime_gem_balance": 1445,
                    "player_total_battles": 1474,
                    "player_total_shields": 3112,
                    "start_date": "2018-07-04",
                    "total_payments": 0,
                    "user_id": "0e0c46b4-e47f-4b8c-a06e-8b174ab929e3",
                    "versionSessionCount": 196
                }
            }
        },
        {
            "rl_message": {
                "rl_context": {
                    "rl_device": {
                        "rl_id": "2D76362F-81EF-452D-8DEF-C6CE08175855",
                        "rl_manufacturer": "Apple",
                        "rl_model": "iPhone10,5",
                        "rl_name": null
                    },
                    "rl_network": {
                        "rl_carrier": "T-Mobile"
                    },
                    "rl_os": {
                        "rl_name": "ios",
                        "rl_version": "12.3.2"
                    },
                    "rl_traits": {
                        "rl_address": {
                            "rl_city": "Las Vegas",
                            "rl_country": "United States"
                        },
                        "rl_anonymous_id": "0e0c46b4-e47f-4b8c-a06e-8b174ab929e3"
                    }
                },
                "rl_event": "casino_game_load_time",
                "rl_integrations": {
                    "All": false,
                    "GA": true
                },
                "rl_message_id": "BFA526F6-CC8B-46CF-ADF0-8C74586A71CF",
                "rl_properties": {
                    "assets_Load_Time": 417,
                    "coin_balance": 56680611,
                    "current_module_name": "PlayerHomeModule",
                    "fb_profile": "0",
                    "game_fps": 31,
                    "game_name": "GypsyRichesSlots",
                    "gem_balance": 1448,
                    "graphicsQuality": "HD",
                    "idfa": "416F93A9-650E-4A7F-97AD-963F389E2852",
                    "internetReachability": "ReachableViaCarrierDataNetwork",
                    "isLowEndDevice": "False",
                    "is_assets_cached": "True",
                    "level": 39,
                    "lifetime_gem_balance": 1448,
                    "player_total_battles": 1475,
                    "player_total_shields": 3112,
                    "server_response_time": 802,
                    "start_date": "2018-07-04",
                    "total_load_time": 1195,
                    "total_payments": 0,
                    "user_id": "0e0c46b4-e47f-4b8c-a06e-8b174ab929e3",
                    "versionSessionCount": 196
                },
                "rl_timestamp": "2019-08-29T16:17:12.50945+05:30",
                "rl_type": "track",
                "rl_user_properties": {
                    "[AppsFlyer] campaign": "UAC_iOS_US/CA_Install_28Jan19",
                    "[AppsFlyer] channel": "UAC_Display",
                    "[AppsFlyer] installed at": "2019-02-03 19:37:37.022",
                    "[AppsFlyer] media source": "googleadwords_int",
                    "[AppsFlyer] network name": "googleadwords_int",
                    "abtest_tags": "N/A",
                    "abtest_values": "N/A",
                    "coin_balance": 56680611,
                    "current_module_name": "PlayerHomeModule",
                    "fb_profile": "0",
                    "game_fps": 31,
                    "game_name": "None",
                    "gem_balance": 1448,
                    "graphicsQuality": "HD",
                    "idfa": "416F93A9-650E-4A7F-97AD-963F389E2852",
                    "internetReachability": "ReachableViaCarrierDataNetwork",
                    "isLowEndDevice": false,
                    "level": 39,
                    "lifetime_gem_balance": 1448,
                    "player_total_battles": 1475,
                    "player_total_shields": 3112,
                    "start_date": "2018-07-04",
                    "total_payments": 0,
                    "user_id": "0e0c46b4-e47f-4b8c-a06e-8b174ab929e3",
                    "versionSessionCount": 196
                }
            }
        },
        {
            "rl_message": {
                "rl_context": {
                    "rl_device": {
                        "rl_id": "2D76362F-81EF-452D-8DEF-C6CE08175855",
                        "rl_manufacturer": "Apple",
                        "rl_model": "iPhone10,5",
                        "rl_name": null
                    },
                    "rl_network": {
                        "rl_carrier": "T-Mobile"
                    },
                    "rl_os": {
                        "rl_name": "ios",
                        "rl_version": "12.3.2"
                    },
                    "rl_traits": {
                        "rl_address": {
                            "rl_city": "Las Vegas",
                            "rl_country": "United States"
                        },
                        "rl_anonymous_id": "0e0c46b4-e47f-4b8c-a06e-8b174ab929e3"
                    }
                },
                "rl_event": "battle_end",
                "rl_integrations": {
                    "All": false,
                    "GA": true
                },
                "rl_message_id": "06BEDC61-5D99-4586-AC81-A37A2C704723",
                "rl_properties": {
                    "battle_bet_choice": 10000000,
                    "battle_end_player_balance": 5962500,
                    "battle_end_result": "LOSS",
                    "battle_id": "551b242a-9635-4bec-89d5-48d6eb440c6a",
                    "battle_is_abandoned": "False",
                    "battle_time_since_spins_ended": 1,
                    "battle_total_win": 0,
                    "coin_balance": 56680611,
                    "current_module_name": "CasinoGameModule",
                    "fb_profile": "0",
                    "game_fps": 30,
                    "game_name": "GypsyRichesSlots",
                    "gem_balance": 1448,
                    "graphicsQuality": "HD",
                    "idfa": "416F93A9-650E-4A7F-97AD-963F389E2852",
                    "internetReachability": "ReachableViaCarrierDataNetwork",
                    "isLowEndDevice": "False",
                    "level": 39,
                    "lifetime_gem_balance": 1448,
                    "player_total_battles": 1475,
                    "player_total_shields": 3112,
                    "start_date": "2018-07-04",
                    "total_payments": 0,
                    "user_id": "0e0c46b4-e47f-4b8c-a06e-8b174ab929e3",
                    "versionSessionCount": 196
                },
                "rl_timestamp": "2019-08-29T16:17:12.626414+05:30",
                "rl_type": "track",
                "rl_user_properties": {
                    "[AppsFlyer] campaign": "UAC_iOS_US/CA_Install_28Jan19",
                    "[AppsFlyer] channel": "UAC_Display",
                    "[AppsFlyer] installed at": "2019-02-03 19:37:37.022",
                    "[AppsFlyer] media source": "googleadwords_int",
                    "[AppsFlyer] network name": "googleadwords_int",
                    "abtest_tags": "N/A",
                    "abtest_values": "N/A",
                    "coin_balance": 56680611,
                    "current_module_name": "CasinoGameModule",
                    "fb_profile": "0",
                    "game_fps": 30,
                    "game_name": "GypsyRichesSlots",
                    "gem_balance": 1448,
                    "graphicsQuality": "HD",
                    "idfa": "416F93A9-650E-4A7F-97AD-963F389E2852",
                    "internetReachability": "ReachableViaCarrierDataNetwork",
                    "isLowEndDevice": false,
                    "level": 39,
                    "lifetime_gem_balance": 1448,
                    "player_total_battles": 1475,
                    "player_total_shields": 3112,
                    "start_date": "2018-07-04",
                    "total_payments": 0,
                    "user_id": "0e0c46b4-e47f-4b8c-a06e-8b174ab929e3",
                    "versionSessionCount": 196
                }
            }
        },
        {
            "rl_message": {
                "rl_context": {
                    "rl_device": {
                        "rl_id": "2D76362F-81EF-452D-8DEF-C6CE08175855",
                        "rl_manufacturer": "Apple",
                        "rl_model": "iPhone10,5",
                        "rl_name": null
                    },
                    "rl_network": {
                        "rl_carrier": "T-Mobile"
                    },
                    "rl_os": {
                        "rl_name": "ios",
                        "rl_version": "12.3.2"
                    },
                    "rl_traits": {
                        "rl_address": {
                            "rl_city": "Las Vegas",
                            "rl_country": "United States"
                        },
                        "rl_anonymous_id": "0e0c46b4-e47f-4b8c-a06e-8b174ab929e3"
                    }
                },
                "rl_event": "casino_game_load_time",
                "rl_integrations": {
                    "All": false,
                    "GA": true
                },
                "rl_message_id": "B4E6622B-0735-4B51-911E-037E353A3ED6",
                "rl_properties": {
                    "assets_Load_Time": 332,
                    "coin_balance": 46680611,
                    "current_module_name": "PlayerHomeModule",
                    "fb_profile": "0",
                    "game_fps": 28,
                    "game_name": "TigerClawsSlots",
                    "gem_balance": 1452,
                    "graphicsQuality": "HD",
                    "idfa": "416F93A9-650E-4A7F-97AD-963F389E2852",
                    "internetReachability": "ReachableViaCarrierDataNetwork",
                    "isLowEndDevice": "False",
                    "is_assets_cached": "True",
                    "level": 39,
                    "lifetime_gem_balance": 1452,
                    "player_total_battles": 1476,
                    "player_total_shields": 3112,
                    "server_response_time": 443,
                    "start_date": "2018-07-04",
                    "total_load_time": 871,
                    "total_payments": 0,
                    "user_id": "0e0c46b4-e47f-4b8c-a06e-8b174ab929e3",
                    "versionSessionCount": 196
                },
                "rl_timestamp": "2019-08-29T16:17:12.657754+05:30",
                "rl_type": "track",
                "rl_user_properties": {
                    "[AppsFlyer] campaign": "UAC_iOS_US/CA_Install_28Jan19",
                    "[AppsFlyer] channel": "UAC_Display",
                    "[AppsFlyer] installed at": "2019-02-03 19:37:37.022",
                    "[AppsFlyer] media source": "googleadwords_int",
                    "[AppsFlyer] network name": "googleadwords_int",
                    "abtest_tags": "N/A",
                    "abtest_values": "N/A",
                    "coin_balance": 46680611,
                    "current_module_name": "PlayerHomeModule",
                    "fb_profile": "0",
                    "game_fps": 28,
                    "game_name": "None",
                    "gem_balance": 1452,
                    "graphicsQuality": "HD",
                    "idfa": "416F93A9-650E-4A7F-97AD-963F389E2852",
                    "internetReachability": "ReachableViaCarrierDataNetwork",
                    "isLowEndDevice": false,
                    "level": 39,
                    "lifetime_gem_balance": 1452,
                    "player_total_battles": 1476,
                    "player_total_shields": 3112,
                    "start_date": "2018-07-04",
                    "total_payments": 0,
                    "user_id": "0e0c46b4-e47f-4b8c-a06e-8b174ab929e3",
                    "versionSessionCount": 196
                }
            }
        },
        {
            "rl_message": {
                "rl_context": {
                    "rl_device": {
                        "rl_id": "2D76362F-81EF-452D-8DEF-C6CE08175855",
                        "rl_manufacturer": "Apple",
                        "rl_model": "iPhone10,5",
                        "rl_name": null
                    },
                    "rl_network": {
                        "rl_carrier": "T-Mobile"
                    },
                    "rl_os": {
                        "rl_name": "ios",
                        "rl_version": "12.3.2"
                    },
                    "rl_traits": {
                        "rl_address": {
                            "rl_city": "Las Vegas",
                            "rl_country": "United States"
                        },
                        "rl_anonymous_id": "0e0c46b4-e47f-4b8c-a06e-8b174ab929e3"
                    }
                },
                "rl_event": "battle_end",
                "rl_integrations": {
                    "All": false,
                    "GA": true
                },
                "rl_message_id": "F0C8558A-6ECC-407E-A386-5A449D44E906",
                "rl_properties": {
                    "battle_bet_choice": 10000000,
                    "battle_end_player_balance": 1419500,
                    "battle_end_result": "LOSS",
                    "battle_id": "4492b934-5811-4368-bc79-f333d0b9a150",
                    "battle_is_abandoned": "False",
                    "battle_time_since_spins_ended": -1,
                    "battle_total_win": 0,
                    "coin_balance": 46680611,
                    "current_module_name": "CasinoGameModule",
                    "fb_profile": "0",
                    "game_fps": 30,
                    "game_name": "TigerClawsSlots",
                    "gem_balance": 1452,
                    "graphicsQuality": "HD",
                    "idfa": "416F93A9-650E-4A7F-97AD-963F389E2852",
                    "internetReachability": "ReachableViaCarrierDataNetwork",
                    "isLowEndDevice": "False",
                    "level": 39,
                    "lifetime_gem_balance": 1452,
                    "player_total_battles": 1476,
                    "player_total_shields": 3112,
                    "start_date": "2018-07-04",
                    "total_payments": 0,
                    "user_id": "0e0c46b4-e47f-4b8c-a06e-8b174ab929e3",
                    "versionSessionCount": 196
                },
                "rl_timestamp": "2019-08-29T16:17:12.747911+05:30",
                "rl_type": "track",
                "rl_user_properties": {
                    "[AppsFlyer] campaign": "UAC_iOS_US/CA_Install_28Jan19",
                    "[AppsFlyer] channel": "UAC_Display",
                    "[AppsFlyer] installed at": "2019-02-03 19:37:37.022",
                    "[AppsFlyer] media source": "googleadwords_int",
                    "[AppsFlyer] network name": "googleadwords_int",
                    "abtest_tags": "N/A",
                    "abtest_values": "N/A",
                    "coin_balance": 46680611,
                    "current_module_name": "CasinoGameModule",
                    "fb_profile": "0",
                    "game_fps": 30,
                    "game_name": "TigerClawsSlots",
                    "gem_balance": 1452,
                    "graphicsQuality": "HD",
                    "idfa": "416F93A9-650E-4A7F-97AD-963F389E2852",
                    "internetReachability": "ReachableViaCarrierDataNetwork",
                    "isLowEndDevice": false,
                    "level": 39,
                    "lifetime_gem_balance": 1452,
                    "player_total_battles": 1476,
                    "player_total_shields": 3112,
                    "start_date": "2018-07-04",
                    "total_payments": 0,
                    "user_id": "0e0c46b4-e47f-4b8c-a06e-8b174ab929e3",
                    "versionSessionCount": 196
                }
            }
        },
        {
            "rl_message": {
                "rl_context": {
                    "rl_device": {
                        "rl_id": "2D76362F-81EF-452D-8DEF-C6CE08175855",
                        "rl_manufacturer": "Apple",
                        "rl_model": "iPhone10,5",
                        "rl_name": null
                    },
                    "rl_network": {
                        "rl_carrier": "T-Mobile"
                    },
                    "rl_os": {
                        "rl_name": "ios",
                        "rl_version": "12.3.2"
                    },
                    "rl_traits": {
                        "rl_address": {
                            "rl_city": "Las Vegas",
                            "rl_country": "United States"
                        },
                        "rl_anonymous_id": "0e0c46b4-e47f-4b8c-a06e-8b174ab929e3"
                    }
                },
                "rl_event": "casino_game_load_time",
                "rl_integrations": {
                    "All": false,
                    "GA": true
                },
                "rl_message_id": "EA09AFD5-DD8E-4D96-A8CD-9B77335C73EB",
                "rl_properties": {
                    "assets_Load_Time": 434,
                    "coin_balance": 45680611,
                    "current_module_name": "PlayerHomeModule",
                    "fb_profile": "0",
                    "game_fps": 30,
                    "game_name": "GatesOfBabylonSlots",
                    "gem_balance": 1452,
                    "graphicsQuality": "HD",
                    "idfa": "416F93A9-650E-4A7F-97AD-963F389E2852",
                    "internetReachability": "ReachableViaCarrierDataNetwork",
                    "isLowEndDevice": "False",
                    "is_assets_cached": "True",
                    "level": 39,
                    "lifetime_gem_balance": 1452,
                    "player_total_battles": 1477,
                    "player_total_shields": 3112,
                    "server_response_time": 550,
                    "start_date": "2018-07-04",
                    "total_load_time": 1094,
                    "total_payments": 0,
                    "user_id": "0e0c46b4-e47f-4b8c-a06e-8b174ab929e3",
                    "versionSessionCount": 196
                },
                "rl_timestamp": "2019-08-29T16:17:12.749867+05:30",
                "rl_type": "track",
                "rl_user_properties": {
                    "[AppsFlyer] campaign": "UAC_iOS_US/CA_Install_28Jan19",
                    "[AppsFlyer] channel": "UAC_Display",
                    "[AppsFlyer] installed at": "2019-02-03 19:37:37.022",
                    "[AppsFlyer] media source": "googleadwords_int",
                    "[AppsFlyer] network name": "googleadwords_int",
                    "abtest_tags": "N/A",
                    "abtest_values": "N/A",
                    "coin_balance": 45680611,
                    "current_module_name": "PlayerHomeModule",
                    "fb_profile": "0",
                    "game_fps": 30,
                    "game_name": "None",
                    "gem_balance": 1452,
                    "graphicsQuality": "HD",
                    "idfa": "416F93A9-650E-4A7F-97AD-963F389E2852",
                    "internetReachability": "ReachableViaCarrierDataNetwork",
                    "isLowEndDevice": false,
                    "level": 39,
                    "lifetime_gem_balance": 1452,
                    "player_total_battles": 1477,
                    "player_total_shields": 3112,
                    "start_date": "2018-07-04",
                    "total_payments": 0,
                    "user_id": "0e0c46b4-e47f-4b8c-a06e-8b174ab929e3",
                    "versionSessionCount": 196
                }
            }
        },
        {
            "rl_message": {
                "rl_context": {
                    "rl_device": {
                        "rl_id": "2D76362F-81EF-452D-8DEF-C6CE08175855",
                        "rl_manufacturer": "Apple",
                        "rl_model": "iPhone10,5",
                        "rl_name": null
                    },
                    "rl_network": {
                        "rl_carrier": "T-Mobile"
                    },
                    "rl_os": {
                        "rl_name": "ios",
                        "rl_version": "12.3.2"
                    },
                    "rl_traits": {
                        "rl_address": {
                            "rl_city": "Las Vegas",
                            "rl_country": "United States"
                        },
                        "rl_anonymous_id": "0e0c46b4-e47f-4b8c-a06e-8b174ab929e3"
                    }
                },
                "rl_event": "battle_end",
                "rl_integrations": {
                    "All": false,
                    "GA": true
                },
                "rl_message_id": "7CA6C2C5-235D-4FA1-AF1A-AFE8B97D0257",
                "rl_properties": {
                    "battle_bet_choice": 1000000,
                    "battle_end_player_balance": 850000,
                    "battle_end_result": "WIN",
                    "battle_id": "1be355d8-c865-4299-8230-6ab058d2eb80",
                    "battle_is_abandoned": "False",
                    "battle_time_since_spins_ended": 1,
                    "battle_total_win": 1050000,
                    "coin_balance": 46730611,
                    "current_module_name": "CasinoGameModule",
                    "fb_profile": "0",
                    "game_fps": 30,
                    "game_name": "GatesOfBabylonSlots",
                    "gem_balance": 1452,
                    "graphicsQuality": "HD",
                    "idfa": "416F93A9-650E-4A7F-97AD-963F389E2852",
                    "internetReachability": "ReachableViaCarrierDataNetwork",
                    "isLowEndDevice": "False",
                    "level": 39,
                    "lifetime_gem_balance": 1452,
                    "player_total_battles": 1477,
                    "player_total_shields": 3112,
                    "start_date": "2018-07-04",
                    "total_payments": 0,
                    "user_id": "0e0c46b4-e47f-4b8c-a06e-8b174ab929e3",
                    "versionSessionCount": 196
                },
                "rl_timestamp": "2019-08-29T16:17:12.872678+05:30",
                "rl_type": "track",
                "rl_user_properties": {
                    "[AppsFlyer] campaign": "UAC_iOS_US/CA_Install_28Jan19",
                    "[AppsFlyer] channel": "UAC_Display",
                    "[AppsFlyer] installed at": "2019-02-03 19:37:37.022",
                    "[AppsFlyer] media source": "googleadwords_int",
                    "[AppsFlyer] network name": "googleadwords_int",
                    "abtest_tags": "N/A",
                    "abtest_values": "N/A",
                    "coin_balance": 46730611,
                    "current_module_name": "CasinoGameModule",
                    "fb_profile": "0",
                    "game_fps": 30,
                    "game_name": "GatesOfBabylonSlots",
                    "gem_balance": 1452,
                    "graphicsQuality": "HD",
                    "idfa": "416F93A9-650E-4A7F-97AD-963F389E2852",
                    "internetReachability": "ReachableViaCarrierDataNetwork",
                    "isLowEndDevice": false,
                    "level": 39,
                    "lifetime_gem_balance": 1452,
                    "player_total_battles": 1477,
                    "player_total_shields": 3112,
                    "start_date": "2018-07-04",
                    "total_payments": 0,
                    "user_id": "0e0c46b4-e47f-4b8c-a06e-8b174ab929e3",
                    "versionSessionCount": 196
                }
            }
        },
        {
            "rl_message": {
                "rl_context": {
                    "rl_device": {
                        "rl_id": "2D76362F-81EF-452D-8DEF-C6CE08175855",
                        "rl_manufacturer": "Apple",
                        "rl_model": "iPhone10,5",
                        "rl_name": null
                    },
                    "rl_network": {
                        "rl_carrier": "T-Mobile"
                    },
                    "rl_os": {
                        "rl_name": "ios",
                        "rl_version": "12.3.2"
                    },
                    "rl_traits": {
                        "rl_address": {
                            "rl_city": "Las Vegas",
                            "rl_country": "United States"
                        },
                        "rl_anonymous_id": "0e0c46b4-e47f-4b8c-a06e-8b174ab929e3"
                    }
                },
                "rl_event": "casino_game_load_time",
                "rl_integrations": {
                    "All": false,
                    "GA": true
                },
                "rl_message_id": "1AC17B80-8BD3-4E64-B294-5132500FC816",
                "rl_properties": {
                    "assets_Load_Time": 506,
                    "coin_balance": 45730611,
                    "current_module_name": "PlayerHomeModule",
                    "fb_profile": "0",
                    "game_fps": 28,
                    "game_name": "GoldenWildSlots",
                    "gem_balance": 1452,
                    "graphicsQuality": "HD",
                    "idfa": "416F93A9-650E-4A7F-97AD-963F389E2852",
                    "internetReachability": "ReachableViaCarrierDataNetwork",
                    "isLowEndDevice": "False",
                    "is_assets_cached": "True",
                    "level": 39,
                    "lifetime_gem_balance": 1452,
                    "player_total_battles": 1478,
                    "player_total_shields": 3116,
                    "server_response_time": 570,
                    "start_date": "2018-07-04",
                    "total_load_time": 1055,
                    "total_payments": 0,
                    "user_id": "0e0c46b4-e47f-4b8c-a06e-8b174ab929e3",
                    "versionSessionCount": 196
                },
                "rl_timestamp": "2019-08-29T16:17:12.914599+05:30",
                "rl_type": "track",
                "rl_user_properties": {
                    "[AppsFlyer] campaign": "UAC_iOS_US/CA_Install_28Jan19",
                    "[AppsFlyer] channel": "UAC_Display",
                    "[AppsFlyer] installed at": "2019-02-03 19:37:37.022",
                    "[AppsFlyer] media source": "googleadwords_int",
                    "[AppsFlyer] network name": "googleadwords_int",
                    "abtest_tags": "N/A",
                    "abtest_values": "N/A",
                    "coin_balance": 45730611,
                    "current_module_name": "PlayerHomeModule",
                    "fb_profile": "0",
                    "game_fps": 28,
                    "game_name": "None",
                    "gem_balance": 1452,
                    "graphicsQuality": "HD",
                    "idfa": "416F93A9-650E-4A7F-97AD-963F389E2852",
                    "internetReachability": "ReachableViaCarrierDataNetwork",
                    "isLowEndDevice": false,
                    "level": 39,
                    "lifetime_gem_balance": 1452,
                    "player_total_battles": 1478,
                    "player_total_shields": 3116,
                    "start_date": "2018-07-04",
                    "total_payments": 0,
                    "user_id": "0e0c46b4-e47f-4b8c-a06e-8b174ab929e3",
                    "versionSessionCount": 196
                }
            }
        },
        {
            "rl_message": {
                "rl_context": {
                    "rl_device": {
                        "rl_id": "2D76362F-81EF-452D-8DEF-C6CE08175855",
                        "rl_manufacturer": "Apple",
                        "rl_model": "iPhone10,5",
                        "rl_name": null
                    },
                    "rl_network": {
                        "rl_carrier": "T-Mobile"
                    },
                    "rl_os": {
                        "rl_name": "ios",
                        "rl_version": "12.3.2"
                    },
                    "rl_traits": {
                        "rl_address": {
                            "rl_city": "Las Vegas",
                            "rl_country": "United States"
                        },
                        "rl_anonymous_id": "0e0c46b4-e47f-4b8c-a06e-8b174ab929e3"
                    }
                },
                "rl_event": "battle_end",
                "rl_integrations": {
                    "All": false,
                    "GA": true
                },
                "rl_message_id": "4B49AE18-A544-4532-BC05-04BE825B9ECE",
                "rl_properties": {
                    "battle_bet_choice": 1000000,
                    "battle_end_player_balance": 673750,
                    "battle_end_result": "WIN",
                    "battle_id": "bd256125-eec8-4c21-a4c6-a0e1262020c9",
                    "battle_is_abandoned": "False",
                    "battle_time_since_spins_ended": -1,
                    "battle_total_win": 857750,
                    "coin_balance": 46588361,
                    "current_module_name": "CasinoGameModule",
                    "fb_profile": "0",
                    "game_fps": 30,
                    "game_name": "GoldenWildSlots",
                    "gem_balance": 1452,
                    "graphicsQuality": "HD",
                    "idfa": "416F93A9-650E-4A7F-97AD-963F389E2852",
                    "internetReachability": "ReachableViaCarrierDataNetwork",
                    "isLowEndDevice": "False",
                    "level": 39,
                    "lifetime_gem_balance": 1452,
                    "player_total_battles": 1478,
                    "player_total_shields": 3116,
                    "start_date": "2018-07-04",
                    "total_payments": 0,
                    "user_id": "0e0c46b4-e47f-4b8c-a06e-8b174ab929e3",
                    "versionSessionCount": 196
                },
                "rl_timestamp": "2019-08-29T16:17:13.01632+05:30",
                "rl_type": "track",
                "rl_user_properties": {
                    "[AppsFlyer] campaign": "UAC_iOS_US/CA_Install_28Jan19",
                    "[AppsFlyer] channel": "UAC_Display",
                    "[AppsFlyer] installed at": "2019-02-03 19:37:37.022",
                    "[AppsFlyer] media source": "googleadwords_int",
                    "[AppsFlyer] network name": "googleadwords_int",
                    "abtest_tags": "N/A",
                    "abtest_values": "N/A",
                    "coin_balance": 46588361,
                    "current_module_name": "CasinoGameModule",
                    "fb_profile": "0",
                    "game_fps": 30,
                    "game_name": "GoldenWildSlots",
                    "gem_balance": 1452,
                    "graphicsQuality": "HD",
                    "idfa": "416F93A9-650E-4A7F-97AD-963F389E2852",
                    "internetReachability": "ReachableViaCarrierDataNetwork",
                    "isLowEndDevice": false,
                    "level": 39,
                    "lifetime_gem_balance": 1452,
                    "player_total_battles": 1478,
                    "player_total_shields": 3116,
                    "start_date": "2018-07-04",
                    "total_payments": 0,
                    "user_id": "0e0c46b4-e47f-4b8c-a06e-8b174ab929e3",
                    "versionSessionCount": 196
                }
            }
        },
        {
            "rl_message": {
                "rl_context": {
                    "rl_device": {
                        "rl_id": "2D76362F-81EF-452D-8DEF-C6CE08175855",
                        "rl_manufacturer": "Apple",
                        "rl_model": "iPhone10,5",
                        "rl_name": null
                    },
                    "rl_network": {
                        "rl_carrier": "T-Mobile"
                    },
                    "rl_os": {
                        "rl_name": "ios",
                        "rl_version": "12.3.2"
                    },
                    "rl_traits": {
                        "rl_address": {
                            "rl_city": "Las Vegas",
                            "rl_country": "United States"
                        },
                        "rl_anonymous_id": "0e0c46b4-e47f-4b8c-a06e-8b174ab929e3"
                    }
                },
                "rl_event": "casino_game_load_time",
                "rl_integrations": {
                    "All": false,
                    "GA": true
                },
                "rl_message_id": "4C6246D1-DC45-482C-9FD2-EB7B9CF47DC8",
                "rl_properties": {
                    "assets_Load_Time": 261,
                    "coin_balance": 45588361,
                    "current_module_name": "PlayerHomeModule",
                    "fb_profile": "0",
                    "game_fps": 15,
                    "game_name": "CandyCatsCashSlots",
                    "gem_balance": 1453,
                    "graphicsQuality": "HD",
                    "idfa": "416F93A9-650E-4A7F-97AD-963F389E2852",
                    "internetReachability": "ReachableViaCarrierDataNetwork",
                    "isLowEndDevice": "False",
                    "is_assets_cached": "True",
                    "level": 39,
                    "lifetime_gem_balance": 1453,
                    "player_total_battles": 1479,
                    "player_total_shields": 3120,
                    "server_response_time": 433,
                    "start_date": "2018-07-04",
                    "total_load_time": 710,
                    "total_payments": 0,
                    "user_id": "0e0c46b4-e47f-4b8c-a06e-8b174ab929e3",
                    "versionSessionCount": 196
                },
                "rl_timestamp": "2019-08-29T16:17:13.057782+05:30",
                "rl_type": "track",
                "rl_user_properties": {
                    "[AppsFlyer] campaign": "UAC_iOS_US/CA_Install_28Jan19",
                    "[AppsFlyer] channel": "UAC_Display",
                    "[AppsFlyer] installed at": "2019-02-03 19:37:37.022",
                    "[AppsFlyer] media source": "googleadwords_int",
                    "[AppsFlyer] network name": "googleadwords_int",
                    "abtest_tags": "N/A",
                    "abtest_values": "N/A",
                    "coin_balance": 45588361,
                    "current_module_name": "PlayerHomeModule",
                    "fb_profile": "0",
                    "game_fps": 15,
                    "game_name": "None",
                    "gem_balance": 1453,
                    "graphicsQuality": "HD",
                    "idfa": "416F93A9-650E-4A7F-97AD-963F389E2852",
                    "internetReachability": "ReachableViaCarrierDataNetwork",
                    "isLowEndDevice": false,
                    "level": 39,
                    "lifetime_gem_balance": 1453,
                    "player_total_battles": 1479,
                    "player_total_shields": 3120,
                    "start_date": "2018-07-04",
                    "total_payments": 0,
                    "user_id": "0e0c46b4-e47f-4b8c-a06e-8b174ab929e3",
                    "versionSessionCount": 196
                }
            }
        }
    ],
    "sent_at": "2019-08-29T16:17:13.059158+05:30",
    "writeKey": "1P6q8fcXrkmekovCdk0a3gFq30X"
}